sequence,2-3_tbend,3-4_tbend,4-5_tbend,5-6_tbend,6-7_tbend,7-8_tbend,8-9_tbend,9-10_tbend,10-11_tbend,11-12_tbend,12-13_tbend,13-14_tbend,2-3_shear,3-4_shear,4-5_shear,5-6_shear,6-7_shear,7-8_shear,8-9_shear,9-10_shear,10-11_shear,11-12_shear,12-13_shear,13-14_shear,2-3_stretch,3-4_stretch,4-5_stretch,5-6_stretch,6-7_stretch,7-8_stretch,8-9_stretch,9-10_stretch,10-11_stretch,11-12_stretch,12-13_stretch,13-14_stretch,2-3_stagger,3-4_stagger,4-5_stagger,5-6_stagger,6-7_stagger,7-8_stagger,8-9_stagger,9-10_stagger,10-11_stagger,11-12_stagger,12-13_stagger,13-14_stagger,2-3_buckle,3-4_buckle,4-5_buckle,5-6_buckle,6-7_buckle,7-8_buckle,8-9_buckle,9-10_buckle,10-11_buckle,11-12_buckle,12-13_buckle,13-14_buckle,2-3_propel,3-4_propel,4-5_propel,5-6_propel,6-7_propel,7-8_propel,8-9_propel,9-10_propel,10-11_propel,11-12_propel,12-13_propel,13-14_propel,2-3_opening,3-4_opening,4-5_opening,5-6_opening,6-7_opening,7-8_opening,8-9_opening,9-10_opening,10-11_opening,11-12_opening,12-13_opening,13-14_opening,2-3_xdisp,3-4_xdisp,4-5_xdisp,5-6_xdisp,6-7_xdisp,7-8_xdisp,8-9_xdisp,9-10_xdisp,10-11_xdisp,11-12_xdisp,12-13_xdisp,13-14_xdisp,2-3_ydisp,3-4_ydisp,4-5_ydisp,5-6_ydisp,6-7_ydisp,7-8_ydisp,8-9_ydisp,9-10_ydisp,10-11_ydisp,11-12_ydisp,12-13_ydisp,13-14_ydisp,2-3_inclin,3-4_inclin,4-5_inclin,5-6_inclin,6-7_inclin,7-8_inclin,8-9_inclin,9-10_inclin,10-11_inclin,11-12_inclin,12-13_inclin,13-14_inclin,2-3_tip,3-4_tip,4-5_tip,5-6_tip,6-7_tip,7-8_tip,8-9_tip,9-10_tip,10-11_tip,11-12_tip,12-13_tip,13-14_tip,2-3_axbend,3-4_axbend,4-5_axbend,5-6_axbend,6-7_axbend,7-8_axbend,8-9_axbend,9-10_axbend,10-11_axbend,11-12_axbend,12-13_axbend,13-14_axbend,2-3_shift,3-4_shift,4-5_shift,5-6_shift,6-7_shift,7-8_shift,8-9_shift,9-10_shift,10-11_shift,11-12_shift,12-13_shift,13-14_shift,2-3_slide,3-4_slide,4-5_slide,5-6_slide,6-7_slide,7-8_slide,8-9_slide,9-10_slide,10-11_slide,11-12_slide,12-13_slide,13-14_slide,2-3_rise,3-4_rise,4-5_rise,5-6_rise,6-7_rise,7-8_rise,8-9_rise,9-10_rise,10-11_rise,11-12_rise,12-13_rise,13-14_rise,2-3_tilt,3-4_tilt,4-5_tilt,5-6_tilt,6-7_tilt,7-8_tilt,8-9_tilt,9-10_tilt,10-11_tilt,11-12_tilt,12-13_tilt,13-14_tilt,2-3_roll,3-4_roll,4-5_roll,5-6_roll,6-7_roll,7-8_roll,8-9_roll,9-10_roll,10-11_roll,11-12_roll,12-13_roll,13-14_roll,2-3_twist,3-4_twist,4-5_twist,5-6_twist,6-7_twist,7-8_twist,8-9_twist,9-10_twist,10-11_twist,11-12_twist,12-13_twist,13-14_twist,2-3_hris,3-4_hris,4-5_hris,5-6_hris,6-7_hris,7-8_hris,8-9_hris,9-10_hris,10-11_hris,11-12_hris,12-13_hris,13-14_hris,2-3_htwi,3-4_htwi,4-5_htwi,5-6_htwi,6-7_htwi,7-8_htwi,8-9_htwi,9-10_htwi,10-11_htwi,11-12_htwi,12-13_htwi,13-14_htwi,2-3_phaseW,3-4_phaseW,4-5_phaseW,5-6_phaseW,6-7_phaseW,7-8_phaseW,8-9_phaseW,9-10_phaseW,10-11_phaseW,11-12_phaseW,12-13_phaseW,13-14_phaseW,2-3_ampW,3-4_ampW,4-5_ampW,5-6_ampW,6-7_ampW,7-8_ampW,8-9_ampW,9-10_ampW,10-11_ampW,11-12_ampW,12-13_ampW,13-14_ampW,2-3_gammaW,3-4_gammaW,4-5_gammaW,5-6_gammaW,6-7_gammaW,7-8_gammaW,8-9_gammaW,9-10_gammaW,10-11_gammaW,11-12_gammaW,12-13_gammaW,13-14_gammaW,2-3_gammaC,3-4_gammaC,4-5_gammaC,5-6_gammaC,6-7_gammaC,7-8_gammaC,8-9_gammaC,9-10_gammaC,10-11_gammaC,11-12_gammaC,12-13_gammaC,13-14_gammaC,2-3_phaseC,3-4_phaseC,4-5_phaseC,5-6_phaseC,6-7_phaseC,7-8_phaseC,8-9_phaseC,9-10_phaseC,10-11_phaseC,11-12_phaseC,12-13_phaseC,13-14_phaseC,2-3_ampC,3-4_ampC,4-5_ampC,5-6_ampC,6-7_ampC,7-8_ampC,8-9_ampC,9-10_ampC,10-11_ampC,11-12_ampC,12-13_ampC,13-14_ampC,2-3_minw,3-4_minw,4-5_minw,5-6_minw,6-7_minw,7-8_minw,8-9_minw,9-10_minw,10-11_minw,11-12_minw,12-13_minw,13-14_minw,2-3_mind,3-4_mind,4-5_mind,5-6_mind,6-7_mind,7-8_mind,8-9_mind,9-10_mind,10-11_mind,11-12_mind,12-13_mind,13-14_mind,2-3_majw,3-4_majw,4-5_majw,5-6_majw,6-7_majw,7-8_majw,8-9_majw,9-10_majw,10-11_majw,11-12_majw,12-13_majw,13-14_majw,2-3_majd,3-4_majd,4-5_majd,5-6_majd,6-7_majd,7-8_majd,8-9_majd,9-10_majd,10-11_majd,11-12_majd,12-13_majd,13-14_majd
APC_637_1,88.2,88.2,88.2,88.2,88.2,88.2,88.2,88.2,88.2,88.2,88.2,88.2,-0.07,-0.19,-0.03,-0.04,0.0,0.62,0.74,0.5,0.15,-0.25,0.23,0.23,-3.76,-3.25,-3.78,-3.45,-3.7,-4.58,-4.64,-4.27,-3.78,-3.78,-4.01,-3.36,0.34,0.76,2.06,3.0,1.79,0.77,0.06,-1.0,-0.5,0.87,1.49,0.84,4.4,2.5,1.8,3.4,0.6,-1.5,4.3,6.7,8.7,6.6,2.4,1.5,3.4,3.6,0.0,-2.0,3.1,1.8,-0.6,3.8,-0.9,-6.0,-11.5,-7.5,1.4,0.2,-1.2,-0.2,1.1,-4.9,-4.7,3.0,2.7,-0.1,-1.8,0.9,-0.02,0.03,0.01,-0.01,0.04,0.01,-0.04,-0.06,-0.06,0.02,0.03,0.0,0.16,0.06,-0.02,0.06,0.05,-0.36,-0.23,0.11,-0.11,-0.11,0.08,-0.11,16.6,20.9,23.1,21.0,4.9,-2.7,2.6,9.7,11.3,8.6,4.4,1.9,-141.0,-137.6,-140.5,-153.3,-165.0,164.8,-169.0,-148.6,-143.9,-139.8,-162.0,-150.0,11.0,10.8,11.1,12.6,14.1,14.9,15.6,15.7,15.5,14.6,13.3,12.9,-0.32,-0.22,-0.24,-0.31,0.11,0.49,-0.07,-0.34,0.04,-0.09,0.09,0.24,-1.1,-1.12,-1.07,-1.22,-1.21,-0.61,-1.02,-1.39,-1.15,-1.1,-1.43,-1.11,4.65,4.34,4.38,4.48,4.05,3.86,4.19,4.4,4.4,4.49,4.45,3.87,-1.0,-1.0,-0.3,-0.1,-0.6,-6.3,-5.2,-0.8,-0.1,-0.2,0.3,0.1,-4.8,-5.3,-4.8,-4.8,-5.7,-3.0,-1.4,-3.7,-3.4,-3.8,-5.8,-4.6,8.2,10.3,10.5,9.9,9.9,1.8,2.0,6.7,11.0,6.5,2.4,3.6,-1.97,-1.89,-2.09,-1.76,-0.8,-0.58,-1.21,-1.57,-1.4,-1.25,-1.01,-0.48,-8.0,-4.8,-3.4,-6.0,-3.5,2.2,0.7,-0.3,10.5,4.7,-3.3,0.5,13.2,21.3,21.3,20.3,16.5,17.9,11.7,9.1,9.3,10.3,18.4,21.3,84.9,85.6,85.3,83.7,84.2,82.2,82.8,86.7,86.6,84.1,83.4,83.9,58.7,62.2,62.6,62.2,46.5,-26.2,-16.9,72.3,65.7,68.2,77.8,76.5,73.4,61.9,64.2,66.0,50.7,33.4,79.4,80.7,70.2,69.8,48.7,35.9,13.8,20.1,21.1,21.0,16.4,5.7,3.4,16.9,18.3,8.6,6.8,6.4,81.8,83.7,85.3,85.7,84.9,85.8,84.1,82.6,82.4,83.8,85.4,85.4,9.1,8.53,7.92,7.83,8.15,8.36,8.2,7.86,8.17,9.49,10.55,9.09,6.17,6.44,6.82,7.78,8.71,8.38,7.36,6.8,6.52,5.72,4.34,3.3,9.21,8.69,8.25,8.19,8.3,8.28,8.1,7.89,8.15,9.26,10.39,9.31,5.87,6.34,6.52,7.5,8.76,8.69,7.81,7.21,6.83,5.82,4.3,3.34
APC_637_2,36.8,36.8,36.8,36.8,36.8,36.8,36.8,36.8,36.8,36.8,36.8,36.8,-0.17,-0.3,-0.28,-0.2,-0.21,-7.75,-7.81,-0.6,-0.53,0.02,-0.31,-0.41,0.05,-0.05,-0.05,-0.05,-0.03,-1.43,-1.34,0.12,0.13,0.18,0.11,0.12,-0.14,-0.09,-0.2,-0.31,-0.07,-0.43,-0.75,-0.1,0.28,0.17,0.03,-0.1,5.3,3.4,-1.7,-6.1,0.8,3.1,-2.4,1.8,6.3,1.0,-3.5,-0.2,-9.0,-14.5,-14.5,-11.2,-12.7,14.2,25.4,-0.1,-6.8,-6.1,-2.7,2.0,4.0,6.8,5.7,3.4,4.5,-62.3,-68.3,-3.3,-3.0,-2.4,-2.1,-2.0,-1.12,-1.05,-0.84,-0.44,-0.21,-3.5,-3.13,-0.51,-2.27,-2.83,-2.27,-1.08,0.31,0.61,0.75,0.39,-0.16,-1.19,-1.99,-1.9,-1.49,-0.43,0.47,0.6,4.2,2.7,5.1,11.5,13.4,13.2,15.4,14.5,11.2,9.6,10.4,5.2,-0.9,2.2,5.7,3.9,-1.0,5.7,14.0,10.8,4.7,-1.3,-1.0,0.4,1.8,2.7,3.9,4.7,5.4,5.7,5.5,5.0,4.5,4.0,3.7,3.5,-0.08,-0.22,-0.13,-0.05,-3.94,0.27,3.78,-0.42,0.09,0.13,0.09,-0.9,-0.27,-0.42,-0.55,-0.29,1.29,0.37,-0.73,-0.37,-0.93,-0.49,-0.39,-0.64,3.36,3.44,3.48,3.2,3.37,5.07,4.78,3.27,3.44,3.4,3.23,3.14,-1.1,-0.8,0.0,-2.8,-1.4,-7.5,-12.4,-5.1,0.2,1.7,0.5,4.2,3.3,2.5,0.7,3.2,6.3,14.2,13.8,3.9,0.4,3.7,5.4,9.3,33.7,34.6,34.2,32.8,1.5,10.0,40.0,32.5,37.9,33.0,30.7,25.7,3.38,3.5,3.43,3.07,3.63,3.88,3.32,3.2,3.31,3.39,3.13,2.09,33.9,34.8,34.3,33.4,2.7,14.4,44.7,33.7,38.0,33.4,31.3,28.5,156.5,154.0,151.9,148.7,152.5,100.8,78.9,113.8,111.7,114.5,114.8,117.9,41.2,41.3,41.6,41.2,40.9,40.7,78.0,115.1,115.3,115.2,115.2,115.8,52.0,53.5,54.2,60.6,61.5,54.8,53.6,2.9,4.5,4.2,1.9,4.6,7.8,7.2,4.1,6.5,8.3,84.8,71.6,15.9,5.5,6.6,8.9,7.5,113.9,110.5,113.1,115.6,100.8,104.0,116.4,110.8,111.7,117.3,117.5,116.1,115.5,115.5,115.2,114.4,115.6,116.4,115.6,115.6,115.1,115.3,115.7,114.9,5.8,5.19,4.86,4.42,7.11,10.9,11.25,8.88,5.92,4.99,5.96,7.19,4.99,5.35,5.48,5.79,4.64,1.68,1.56,4.11,5.61,6.06,5.74,5.1,14.59,12.3,13.05,13.97,14.86,13.68,13.01,14.25,15.22,14.85,14.08,16.36,1.1,5.52,5.19,4.18,5.75,10.89,10.71,7.12,5.3,4.88,5.56,-0.04
APC_637_3,87.4,87.4,87.4,87.4,87.4,87.4,87.4,87.4,87.4,87.4,87.4,87.4,-0.38,-0.21,-0.24,-0.44,-0.33,0.23,0.23,0.26,1.12,1.06,0.01,-0.07,-5.19,-4.95,-4.65,-4.65,-4.12,-3.68,-3.67,-3.67,-3.96,-4.26,-4.22,-3.43,0.76,1.52,2.02,1.83,1.77,3.21,3.77,2.77,2.14,1.91,1.93,1.48,3.5,3.0,1.7,2.8,2.0,2.7,6.0,6.3,8.2,7.1,2.3,-0.1,1.1,1.6,-0.2,0.0,5.6,1.5,-1.9,0.3,-3.2,-4.3,-7.2,-5.4,1.0,1.2,2.4,1.3,-0.1,-0.4,0.5,1.2,0.7,1.2,-0.1,1.7,0.07,-0.01,-0.03,-0.01,0.04,0.05,-0.04,-0.09,-0.07,-0.05,-0.02,-0.06,0.08,-0.04,0.0,0.03,0.02,-0.42,-0.44,0.1,0.21,0.04,-0.12,-0.22,19.1,23.8,23.8,19.5,2.5,-4.1,4.7,13.7,15.3,11.2,5.4,1.5,-140.1,-142.5,-139.3,-143.8,-124.1,172.3,-172.1,-137.7,-138.4,-167.5,175.3,-154.1,11.1,10.9,11.1,12.3,13.7,14.8,15.6,15.7,15.6,14.7,13.4,12.8,-0.26,0.12,-0.02,-0.17,0.12,0.44,-0.26,-0.44,0.26,0.02,-0.03,0.22,-0.97,-0.89,-1.18,-1.47,-1.48,-0.86,-0.95,-1.58,-1.86,-1.48,-1.3,-1.35,3.88,3.76,3.85,3.98,3.59,3.5,4.01,4.09,3.81,3.71,3.79,3.4,-0.5,-0.6,0.0,-0.2,1.5,-5.2,-6.8,-1.0,0.0,0.0,1.1,-0.4,-5.8,-5.6,-4.8,-5.1,-5.8,-4.4,-2.8,-4.2,-3.7,-4.1,-6.3,-4.7,9.9,11.2,10.7,9.7,7.4,-0.7,2.2,7.4,12.3,7.8,3.0,3.9,-1.92,-1.74,-2.0,-2.14,-1.18,-0.67,-1.35,-1.55,-1.14,-0.81,-0.83,-0.39,-4.8,-4.2,-4.9,-8.0,-3.7,3.1,-2.4,-0.9,11.1,5.6,-1.5,0.7,13.4,19.2,18.2,17.6,15.6,12.9,5.3,10.9,13.1,12.1,16.9,17.9,85.3,85.4,84.8,83.4,83.7,81.7,81.9,86.0,86.3,83.7,83.3,83.5,55.2,61.9,64.4,67.0,48.8,1.4,22.6,75.1,63.8,65.8,75.2,73.4,75.3,65.2,62.9,62.6,49.1,32.3,78.2,75.7,66.9,68.7,42.6,30.3,13.8,16.2,17.9,19.7,15.2,5.1,4.3,16.7,20.7,12.7,8.4,5.9,81.9,83.3,84.9,85.5,84.7,84.8,83.6,82.3,81.3,82.9,85.4,85.0,8.08,7.89,7.81,8.02,8.37,9.07,8.72,7.06,6.42,7.38,10.28,9.68,3.96,4.7,5.67,7.11,8.11,7.45,6.4,5.79,5.0,4.36,3.82,2.9,7.96,8.01,8.08,8.13,8.31,8.99,8.87,7.55,6.86,7.58,10.24,10.03,4.59,5.24,6.22,7.42,8.21,8.02,7.02,5.83,5.05,4.77,3.99,2.96
APC_641_1,33.7,33.7,33.7,33.7,33.7,33.7,33.7,33.7,33.7,33.7,33.7,33.7,-0.36,0.02,0.11,-0.12,-0.09,-3.7,-4.9,-1.11,-0.39,-0.6,-0.01,-0.02,-0.09,0.01,0.11,0.08,0.07,-1.04,-1.25,-0.02,0.12,0.09,0.19,0.2,0.04,0.11,-0.1,-0.12,0.18,-0.06,-0.22,-0.03,0.01,0.16,0.2,0.07,8.4,5.9,-2.7,-3.1,7.8,4.2,2.9,13.0,9.8,2.1,-1.8,0.7,-12.7,-11.9,-6.5,-2.4,-2.5,14.1,16.7,-5.0,-11.4,-10.0,-4.0,0.4,5.2,1.7,0.2,2.4,0.8,-49.5,-54.3,-3.8,-2.0,-2.0,-2.9,-2.4,-0.67,-0.86,-0.9,-0.51,0.12,-1.49,-2.24,-1.28,-1.88,-2.2,-1.82,-1.25,0.2,-0.02,-0.03,0.34,-0.28,-0.92,-0.93,-1.05,-0.83,-0.33,0.1,0.34,5.0,3.4,6.2,11.5,12.2,4.4,4.3,13.3,13.8,8.5,5.4,5.9,2.2,0.4,2.5,6.0,0.4,2.7,14.0,9.7,2.1,0.9,-2.2,-2.2,2.1,2.4,3.0,3.6,4.0,4.5,4.9,4.8,4.5,3.9,3.1,2.3,-0.23,0.18,0.23,0.33,-2.55,-1.16,1.7,-0.08,-0.17,-0.02,0.1,-0.5,-0.49,-0.53,-0.16,-0.76,0.41,-0.59,-1.86,-0.39,-0.67,-0.68,-0.25,-0.15,3.38,3.53,3.34,3.14,3.76,4.86,4.33,3.38,3.47,3.43,3.3,3.66,-1.9,1.7,0.7,-3.2,-5.8,-5.7,-2.5,-1.9,-3.1,-1.3,1.9,2.3,0.6,3.3,6.8,0.5,1.6,14.7,10.0,4.8,6.3,0.1,2.3,5.0,36.4,36.3,32.0,27.9,14.7,11.8,38.7,36.7,33.8,37.3,33.0,33.2,3.35,3.51,3.29,2.87,3.53,4.06,3.39,3.11,3.28,3.36,3.29,3.51,36.7,36.5,32.7,28.2,15.7,16.8,42.0,37.9,34.8,37.4,33.3,33.9,156.7,150.8,149.8,153.2,154.6,144.9,123.1,116.9,115.1,116.5,113.1,114.3,41.3,41.5,42.0,42.1,41.9,43.5,80.2,114.3,115.1,115.1,115.6,115.5,54.2,54.8,53.1,50.2,102.6,-177.3,-172.2,98.7,3.1,4.9,5.6,6.1,9.4,13.1,12.5,9.2,92.3,91.7,7.2,0.6,5.8,24.7,18.5,7.2,115.9,115.4,117.1,116.2,114.3,117.2,101.8,97.9,114.7,116.1,117.5,118.6,115.3,114.9,115.4,115.6,114.8,115.2,116.9,116.7,115.5,115.2,115.4,115.4,5.01,4.78,6.0,6.53,7.68,11.18,12.75,9.98,6.04,4.74,5.23,6.4,5.0,5.43,5.38,5.05,4.32,2.23,1.57,3.86,5.62,6.0,5.94,5.57,14.53,13.32,13.62,14.44,15.12,13.39,12.49,12.96,13.31,13.44,14.31,15.77,1.04,4.42,5.33,4.65,5.45,8.35,8.67,7.51,6.68,6.35,4.57,0.83
APC_641_2,37.8,37.8,37.8,37.8,37.8,37.8,37.8,37.8,37.8,37.8,37.8,37.8,-0.36,-0.02,0.08,-0.08,-0.07,-1.19,-1.79,-0.52,-0.41,-0.6,0.04,1.36,-0.08,0.01,0.11,0.07,0.07,0.02,0.03,0.2,0.12,0.1,0.19,-1.11,0.08,0.16,-0.09,-0.07,0.28,-2.22,-2.6,-0.17,0.06,0.17,0.11,0.25,6.8,3.0,-3.5,-2.7,2.1,18.2,5.2,-6.1,3.6,3.3,1.5,4.7,-14.0,-12.2,-7.2,-5.3,-8.9,-2.8,9.4,3.0,-6.0,-7.9,-0.5,2.6,5.2,1.4,-0.2,2.5,1.8,-36.0,-49.1,-7.2,-2.1,-1.8,-2.8,0.4,-0.39,-0.74,-0.33,0.47,-0.03,-1.56,-1.48,-1.08,-1.83,-2.11,-1.72,-0.78,0.39,0.24,0.39,0.55,-0.37,0.62,0.77,-1.06,-0.86,-0.31,0.01,0.36,5.3,2.8,7.1,12.3,5.9,6.5,14.6,12.7,12.0,8.6,8.4,9.4,0.5,-0.7,1.5,1.5,3.9,15.0,11.1,8.4,2.1,2.7,-0.1,-2.2,2.4,2.7,3.6,4.5,5.1,5.5,5.8,5.5,4.7,3.8,3.4,3.3,-0.35,0.38,0.41,-0.06,-1.95,-1.38,0.51,-0.07,-0.11,0.04,0.46,0.28,-0.42,-0.24,0.24,-0.38,1.46,0.09,-2.11,-0.34,-0.52,-0.54,0.22,-0.42,3.4,3.47,3.31,3.24,3.31,5.12,4.98,3.13,3.32,3.39,3.27,2.97,-1.8,3.5,1.4,-3.6,6.9,1.1,-11.1,-1.1,-2.1,-0.7,1.4,4.7,0.3,2.7,3.7,-0.5,1.2,22.6,17.7,3.5,6.0,0.9,4.6,15.2,36.3,35.7,34.5,31.9,35.8,26.1,24.2,32.4,32.7,36.9,40.9,34.1,3.38,3.46,3.31,3.09,2.19,3.77,4.5,2.97,3.24,3.33,3.31,2.56,36.5,35.9,34.8,32.0,33.6,31.5,31.7,33.2,33.4,36.9,41.3,37.0,156.6,151.1,148.1,155.0,159.2,174.8,150.7,114.6,115.4,117.3,117.2,118.5,41.3,41.1,42.8,42.2,41.7,42.0,77.6,114.2,114.8,115.0,115.5,115.7,54.0,54.3,54.9,52.6,76.3,162.5,176.3,100.5,1.8,2.9,2.1,4.4,6.8,1.1,4.6,12.3,10.7,92.1,92.0,2.8,2.9,1.2,2.5,5.0,115.1,115.6,118.4,118.6,110.6,112.7,119.7,114.7,112.7,114.6,118.1,120.0,115.3,114.7,115.1,115.3,115.4,115.9,116.1,115.6,115.3,115.3,115.3,115.6,5.13,5.49,5.7,4.71,6.04,9.96,11.14,8.32,5.96,5.66,5.85,6.65,5.12,5.28,5.92,6.07,4.84,3.2,2.63,4.19,5.77,5.9,5.4,4.93,14.51,12.59,12.33,13.39,14.11,12.77,11.16,12.31,14.05,14.17,14.54,15.51,0.89,4.51,4.98,4.63,5.16,7.75,9.03,6.91,5.09,4.77,5.17,0.7
APC_641_3,56.4,56.4,56.4,56.4,56.4,56.4,56.4,56.4,56.4,56.4,56.4,56.4,-0.83,-0.03,0.07,-0.12,-0.11,4.58,4.17,-0.35,-0.42,-0.59,0.01,-0.02,-0.34,0.01,0.11,0.06,0.07,0.57,0.57,0.21,0.13,0.11,0.19,0.19,0.27,0.2,-0.03,-0.02,0.26,3.29,2.98,-0.09,0.08,0.16,0.22,0.0,2.9,4.0,0.4,1.0,5.4,-27.2,-51.7,-14.2,2.1,5.8,2.5,-1.7,-8.0,-9.9,-5.3,-5.7,-8.4,-24.2,-12.8,6.9,-2.6,-6.6,-5.3,-3.8,6.6,1.3,-0.4,2.4,2.4,52.1,48.2,-3.4,-2.6,-2.0,-2.8,-2.5,-0.28,-0.84,-0.47,0.05,0.23,1.15,0.86,-0.91,-1.89,-1.96,-1.49,-0.92,0.28,0.21,0.41,0.84,0.4,2.53,1.99,-1.28,-0.75,-0.01,0.23,0.2,2.9,1.9,8.3,17.7,17.7,-18.4,-17.5,13.0,9.3,3.9,2.0,5.7,0.2,0.3,4.1,3.7,-5.4,-16.8,-3.0,3.6,-3.3,-1.6,-1.9,-1.2,3.3,4.1,5.7,7.6,8.8,9.0,8.3,6.8,5.3,4.0,3.6,3.1,-0.48,0.38,0.21,-0.24,0.15,0.1,-0.35,-0.41,-0.11,-0.02,0.26,-0.16,-0.36,-0.33,0.19,-0.42,1.87,-1.96,-4.57,-0.26,-0.43,-0.62,-0.28,-0.05,3.35,3.43,3.31,3.22,5.12,4.07,2.0,3.03,3.26,3.42,3.43,3.47,-0.2,2.9,0.7,-3.8,-13.2,16.2,28.9,0.1,-1.5,-1.5,3.0,1.8,-1.4,2.0,4.4,3.2,-14.7,16.1,28.2,1.5,4.3,0.0,2.5,6.5,37.6,35.2,34.0,32.6,57.0,32.9,5.7,31.5,32.7,36.7,35.0,33.9,3.35,3.4,3.31,2.96,3.08,3.59,3.19,2.92,3.24,3.43,3.43,3.36,37.8,35.4,34.5,33.7,55.0,32.3,6.0,32.1,33.1,36.8,35.3,34.8,158.3,153.7,147.4,158.8,152.5,157.5,137.0,107.6,116.8,117.8,116.3,116.6,41.4,40.5,43.0,41.3,40.7,42.8,79.2,115.2,114.3,115.0,115.5,115.5,57.5,57.8,53.0,52.8,53.1,58.1,-133.1,14.6,2.4,1.8,49.3,42.5,6.0,14.1,14.1,7.6,5.8,79.8,79.7,1.7,1.4,0.0,3.1,6.1,116.5,117.6,118.3,117.4,112.6,115.4,120.2,114.2,111.9,114.1,117.0,118.8,115.3,114.9,115.3,115.5,115.2,115.9,116.1,115.3,115.2,115.3,115.1,115.4,5.71,5.57,5.57,5.48,7.21,10.15,10.99,8.36,6.27,5.62,4.95,5.38,4.75,5.16,5.9,5.87,4.48,2.88,2.37,4.13,5.75,6.03,6.0,5.77,14.41,13.74,12.59,13.24,12.77,10.35,9.19,11.34,13.52,13.49,13.5,15.55,0.37,3.1,4.87,5.64,7.47,10.7,10.97,7.78,5.6,5.07,5.49,0.85
APC_3335_1,82.5,82.5,82.5,82.5,82.5,82.5,82.5,82.5,82.5,82.5,82.5,82.5,0.28,-0.19,-0.48,-0.42,-0.38,0.06,0.13,0.54,1.41,1.48,1.81,1.52,-4.11,-4.38,-4.42,-4.43,-3.95,-3.94,-3.49,-2.03,-1.75,-2.88,-3.86,-4.15,0.01,0.33,0.63,0.6,0.04,-0.84,-0.96,-0.58,-0.18,0.58,0.71,0.52,9.1,3.7,-0.1,-1.5,0.2,4.0,5.8,12.4,18.3,9.0,5.7,-0.9,-0.1,-2.1,-5.9,-5.7,1.2,6.4,9.0,5.3,-4.4,-18.1,-23.8,-13.4,-0.5,-0.2,-0.5,-1.8,-0.2,-2.2,-2.3,-0.1,-1.4,-0.8,-0.6,-2.6,0.0,0.01,0.0,-0.08,-0.04,-0.07,-0.07,-0.06,-0.17,-0.16,-0.08,-0.01,0.01,0.13,0.06,0.0,0.05,-0.21,-0.24,0.1,0.19,0.1,-0.14,-0.18,8.9,8.3,11.3,16.3,10.3,3.8,6.5,11.7,12.3,13.3,9.7,3.4,-12.5,-17.1,-19.7,-21.8,-14.9,27.3,5.4,-12.4,-15.8,-10.3,2.1,-6.1,10.4,10.3,10.8,12.1,12.9,13.2,13.7,13.9,14.4,14.2,13.2,12.8,-0.15,-0.52,-0.64,-0.39,0.13,0.4,-0.05,-0.37,-0.35,0.25,0.33,-0.29,-0.77,-1.12,-1.35,-1.41,-1.33,-1.26,-1.25,-1.19,-1.51,-1.82,-1.14,-0.89,2.68,2.56,2.6,2.7,2.38,2.25,2.42,2.4,2.51,2.51,2.45,2.23,-0.4,-0.6,-0.9,-1.4,-0.5,2.5,0.5,-1.8,-1.4,-0.3,-0.2,0.8,-4.5,-3.0,-2.9,-3.4,-2.7,-2.4,-3.4,-3.9,-4.8,-5.4,-7.9,-5.4,12.6,13.3,14.5,16.0,11.5,6.0,10.7,14.2,15.7,14.3,11.6,5.2,-0.03,-0.12,-0.23,-0.38,-0.2,-0.18,-0.38,-0.37,-0.43,-0.34,-0.08,0.06,20.1,18.6,15.9,13.8,6.3,6.1,19.2,13.8,12.2,11.8,16.4,11.2,-22.2,-5.3,-22.7,-24.0,-17.9,-84.4,-64.8,-72.2,-18.2,-18.3,-30.5,-6.9,86.7,86.5,86.5,86.9,86.4,82.3,83.1,87.4,86.9,86.5,86.4,85.2,33.9,47.4,56.4,42.2,39.2,14.7,10.5,37.5,39.9,36.1,36.1,69.8,42.9,37.3,47.0,40.2,34.9,50.7,47.8,33.9,37.5,35.2,44.2,54.5,-6.1,-18.7,-45.6,-68.6,-2.9,18.6,-50.3,-33.9,-41.9,-61.5,-8.7,-16.2,86.4,87.2,87.2,87.4,87.3,86.0,86.2,87.6,87.8,87.2,86.7,86.5,8.08,8.29,8.23,8.05,7.83,8.06,8.46,8.66,8.32,8.55,10.63,9.63,3.01,3.77,4.16,4.63,5.63,5.55,4.85,4.78,4.37,3.55,2.55,1.68,7.98,8.15,8.08,7.96,7.83,8.18,8.56,8.82,8.57,8.88,10.86,9.58,3.2,4.0,4.33,4.86,5.69,5.84,5.32,4.93,4.45,3.43,2.35,1.51
APC_3335_2,36.2,36.2,36.2,36.2,36.2,36.2,36.2,36.2,36.2,36.2,36.2,36.2,-0.04,-0.14,-0.14,-0.3,-0.14,-5.98,-8.34,-2.75,-0.82,-0.04,0.53,0.04,0.02,0.07,0.06,-0.03,-0.1,-2.62,-2.91,-0.35,0.04,0.06,0.13,0.2,0.15,0.08,0.01,-0.06,-0.28,-3.02,-2.98,-0.09,0.17,0.02,-0.02,0.01,-1.5,8.4,7.0,5.1,4.7,8.5,19.1,18.5,9.9,2.7,-2.2,1.1,2.7,-6.8,-9.8,-11.3,-9.8,26.5,31.8,-12.0,-22.0,-16.4,-8.6,0.4,2.5,3.9,3.7,6.9,6.1,-60.5,-66.9,-3.5,-3.1,-4.2,-3.0,-2.4,-0.93,-1.63,-1.87,-1.31,-0.5,-2.39,-2.36,-0.6,-1.68,-2.12,-1.51,-0.84,-0.8,-0.74,-0.12,0.57,0.27,-1.14,-1.91,-1.7,-1.25,-0.68,-0.12,0.39,11.1,7.5,6.3,8.7,5.7,-1.1,4.2,12.1,10.9,7.8,6.5,4.3,-0.1,1.9,1.5,1.3,1.0,33.2,30.1,10.5,1.5,-1.7,-4.7,-2.2,3.9,4.6,4.9,4.7,4.8,5.0,5.5,5.7,5.5,4.9,4.1,3.0,-0.23,-0.09,0.02,-0.06,-3.73,-0.69,3.1,-0.14,-0.11,0.51,0.17,-0.82,-0.4,-0.44,-0.3,-0.6,0.2,-0.49,-1.13,-0.25,-0.85,-0.51,0.09,0.0,3.13,3.41,3.4,3.55,2.93,3.62,4.45,3.6,3.48,3.42,3.25,3.46,-1.0,-0.4,0.3,-0.6,0.6,-8.6,-11.8,-2.5,0.5,1.7,0.4,-0.8,4.9,0.8,1.1,2.8,19.4,13.9,-5.3,2.2,1.8,-0.9,4.7,5.9,28.3,34.5,33.8,33.3,20.7,25.0,46.2,42.3,40.1,39.0,30.1,30.3,3.12,3.47,3.45,3.43,2.7,1.22,2.08,3.51,3.42,3.45,3.31,3.21,28.9,34.5,33.9,33.9,20.3,28.9,50.4,43.0,40.3,38.9,30.4,30.6,156.2,155.0,156.2,153.2,145.9,140.1,131.2,101.6,100.5,117.3,111.8,113.3,40.6,42.3,40.8,41.0,42.1,45.0,80.8,116.5,116.2,114.6,115.8,115.6,55.7,58.6,60.8,55.5,53.3,31.4,-117.7,88.3,12.5,12.3,3.4,14.7,10.6,26.1,59.2,50.9,88.3,91.0,3.1,3.3,-3.0,0.7,18.0,21.9,117.2,113.4,114.5,115.1,116.4,117.4,103.7,103.0,116.0,117.1,118.1,118.0,116.1,115.1,115.4,115.4,114.9,115.2,116.3,116.3,115.4,114.8,115.4,115.4,7.62,6.16,4.9,4.66,6.15,9.76,12.03,8.93,3.92,3.1,4.66,6.79,4.24,4.9,5.5,5.42,4.43,2.01,1.54,4.35,6.15,6.3,6.19,5.72,14.52,14.52,14.26,14.38,14.21,12.64,11.93,13.75,14.07,13.32,13.95,15.7,0.93,3.53,4.47,4.73,7.51,10.48,10.09,6.37,4.48,5.06,5.2,1.0
APC_3335_3,44.8,44.8,44.8,44.8,44.8,44.8,44.8,44.8,44.8,44.8,44.8,44.8,-0.84,-0.15,-0.11,-0.27,-0.25,5.65,4.81,-1.36,-0.85,-0.02,0.53,0.1,-0.86,0.07,0.07,-0.04,-0.05,1.0,0.93,-0.06,0.07,0.06,0.13,0.2,0.03,0.09,-0.02,-0.07,0.11,0.85,0.62,-0.09,0.07,-0.03,-0.02,0.13,-3.3,3.5,4.9,2.9,2.8,-6.2,-6.5,7.6,13.5,7.0,-3.0,-3.7,-2.8,-4.5,-10.3,-13.2,-10.9,-16.7,-11.4,-4.8,-13.6,-16.6,-10.3,3.2,0.2,3.8,2.8,4.2,4.0,69.1,67.0,-1.3,-3.4,-3.8,-2.4,-1.9,-0.88,-0.85,-0.82,-0.41,-0.07,2.0,2.57,0.08,-1.75,-2.54,-1.83,-0.75,0.01,0.35,0.59,0.73,0.27,1.35,0.69,-1.69,-1.43,-0.46,0.35,0.55,9.1,7.9,9.6,14.3,14.4,-12.6,-10.4,16.1,13.7,9.5,7.6,2.4,1.2,4.0,5.1,3.0,-4.7,-12.1,2.1,11.4,4.7,-1.3,-4.4,-4.1,2.6,2.6,3.2,4.2,5.6,7.1,8.1,7.9,7.1,5.8,4.9,4.2,-0.09,-0.36,-0.18,-0.14,0.79,0.92,-0.47,-0.65,-0.11,0.44,0.34,-1.51,-0.01,-0.14,-0.07,-0.32,2.92,-1.35,-4.38,0.0,-0.72,-0.62,-0.17,-0.25,3.3,3.35,3.37,3.28,4.13,3.45,2.55,3.27,3.5,3.54,3.25,2.6,-2.4,-0.7,-0.2,-1.7,-5.3,15.1,18.2,-2.3,-0.4,1.0,-0.1,-0.1,7.8,4.2,2.9,1.9,-11.1,16.9,31.1,6.0,1.5,-0.3,4.8,16.5,33.8,32.9,34.5,34.5,62.9,48.2,-8.2,32.6,39.5,39.6,28.8,13.1,3.23,3.35,3.35,3.08,3.7,3.42,2.87,3.34,3.43,3.56,3.3,1.83,34.7,33.2,34.8,34.9,63.0,77.6,-5.6,34.3,39.8,39.4,29.2,15.1,155.7,156.4,154.2,151.5,157.7,131.4,95.0,102.1,110.6,116.6,113.7,116.5,41.3,41.8,41.1,39.5,38.0,35.5,75.4,115.4,114.8,114.7,115.3,115.8,55.1,54.1,52.5,53.5,52.3,113.4,176.9,83.0,5.5,5.9,0.5,1.7,7.3,5.0,5.0,3.9,24.7,38.0,42.2,-0.5,-1.8,13.7,19.9,11.8,115.4,107.6,108.9,112.8,114.2,119.6,116.7,109.9,111.7,116.2,118.8,118.5,115.6,115.7,115.5,115.0,114.7,115.6,116.1,115.6,115.4,114.9,115.5,115.2,7.79,7.55,7.02,5.45,6.84,9.63,10.77,9.5,5.64,3.54,4.63,6.75,4.19,4.81,5.19,5.65,4.83,6.78,6.09,3.77,5.81,6.29,5.99,5.48,14.53,13.36,12.93,13.31,13.26,11.96,9.35,11.8,14.12,13.87,13.91,11.89,0.23,3.77,5.3,4.35,5.78,9.33,9.56,7.5,5.38,4.73,5.45,2.63
APC_3340_1,77.3,77.3,77.3,77.3,77.3,77.3,77.3,77.3,77.3,77.3,77.3,77.3,-1.26,-1.52,-1.88,-1.51,-0.78,-0.17,0.41,0.91,1.21,1.31,1.14,0.45,-4.22,-4.24,-3.51,-3.43,-3.33,-3.77,-3.85,-2.96,-3.02,-3.63,-4.35,-4.43,0.95,1.59,1.55,1.37,0.64,-0.22,-0.06,0.99,1.72,1.62,1.37,1.07,9.2,3.4,1.9,-2.7,-1.4,1.1,5.9,10.2,12.2,6.2,-0.8,-4.5,-22.2,-24.9,-8.9,-2.2,7.1,10.7,10.2,9.1,0.0,-10.2,-25.0,-34.7,-2.7,-1.0,2.7,4.4,5.1,-14.0,-13.1,7.0,6.0,3.2,-0.4,-2.1,-0.11,0.0,0.0,-0.01,0.01,-0.06,-0.05,-0.11,-0.16,0.03,0.05,-0.06,0.21,0.0,-0.1,-0.19,-0.18,-0.56,-0.33,0.31,0.4,0.23,0.08,0.05,9.4,17.7,21.2,22.5,17.3,10.6,12.5,19.3,21.1,16.2,8.0,-0.7,-10.5,-3.6,-11.7,-14.1,-5.2,54.6,5.5,-20.1,-20.8,-10.1,-13.0,-26.7,11.9,11.9,12.2,12.8,12.7,11.8,11.6,11.8,12.5,12.8,12.0,11.6,0.09,-0.12,-0.32,-0.18,0.27,0.6,-0.11,-0.6,-0.48,-0.3,-0.33,-0.44,-1.37,-1.29,-1.57,-1.68,-1.49,-1.16,-1.38,-1.41,-1.77,-1.55,-1.12,-1.06,2.05,2.17,2.16,2.2,2.1,1.97,2.09,2.15,2.13,2.19,2.11,1.74,-1.7,-0.5,-1.1,-0.7,0.3,-1.1,-1.8,-0.9,-0.3,0.2,1.0,2.5,-5.3,-5.9,-3.2,-2.6,-4.6,-4.8,-3.8,-4.3,-5.6,-6.8,-7.0,-7.5,11.7,15.5,16.7,19.7,13.3,5.4,12.3,15.7,15.7,16.2,12.6,5.4,-0.35,-0.35,-0.4,-0.52,-0.44,-0.38,-0.35,-0.27,-0.39,-0.29,-0.21,-0.11,16.0,17.9,14.7,12.7,7.1,21.9,25.9,16.3,15.7,19.4,21.2,9.1,-7.9,-18.8,-38.3,-39.4,-84.4,-124.5,-53.1,-30.8,-30.7,1.6,-5.2,-32.8,87.4,86.5,86.7,85.0,85.2,83.6,82.4,85.7,86.3,87.1,86.7,85.2,36.9,29.2,39.3,47.0,39.0,-66.1,-97.3,38.0,45.8,49.8,45.2,50.0,38.1,29.7,34.7,42.2,40.7,49.2,64.2,41.4,28.2,37.0,42.5,59.8,-83.2,-50.6,-58.7,-17.8,-4.0,-20.5,-27.4,-29.4,-10.1,-2.7,-20.6,-32.0,85.9,86.9,87.1,86.2,86.6,86.6,87.1,87.9,86.6,87.4,87.8,86.5,9.28,9.53,6.59,6.3,6.92,7.52,7.55,6.79,5.89,6.28,9.63,9.36,0.73,1.17,2.07,2.69,2.99,2.9,2.99,3.08,2.79,2.24,1.11,0.59,9.58,9.28,5.98,5.82,6.95,7.77,7.76,7.14,6.37,6.37,9.12,9.37,0.45,0.93,2.03,2.77,3.34,3.55,3.62,3.45,2.71,1.97,1.0,0.34
APC_3340_2,43.5,43.5,43.5,43.5,43.5,43.5,43.5,43.5,43.5,43.5,43.5,43.5,-3.07,-0.98,-0.27,-0.26,0.13,8.06,7.57,-0.66,-0.54,0.37,0.35,-0.26,-2.09,-0.36,-0.05,-0.05,0.05,-0.44,-0.45,0.1,0.13,0.11,0.11,0.19,0.55,0.16,-0.04,0.03,0.09,2.24,1.95,-0.2,0.22,0.16,0.02,0.08,4.1,7.5,3.6,-1.8,3.7,-6.3,-11.2,7.5,8.1,0.5,3.5,7.7,2.0,-7.2,-15.6,-13.6,-2.6,-15.2,-13.8,-1.5,-10.4,-8.6,-2.0,-2.3,-1.7,-0.2,5.1,4.6,0.2,71.2,70.6,-4.0,-3.0,-2.9,-2.6,-2.0,-0.31,-0.62,-0.54,-0.27,0.26,3.71,3.45,-0.6,-1.73,-2.24,-1.72,-1.5,0.13,0.07,0.43,0.51,-0.05,1.05,0.71,-1.29,-1.13,-0.59,-0.24,-0.17,8.7,5.7,7.5,10.8,12.8,-18.2,-14.8,18.2,11.8,6.9,7.5,7.9,-3.4,0.4,4.9,1.0,-8.1,-10.7,3.7,10.6,2.7,-3.8,-2.5,1.4,4.9,4.9,5.5,6.2,6.6,6.8,6.7,6.3,5.4,4.2,3.5,2.7,-0.18,-0.02,-0.26,0.11,2.61,0.76,-1.96,-0.42,-0.11,0.41,0.02,-0.27,-0.06,0.01,-0.22,-0.52,3.15,-1.18,-4.6,-0.35,-0.84,-0.41,-0.1,-0.67,3.34,3.45,3.43,3.23,4.91,4.75,2.94,3.35,3.51,3.27,3.24,3.53,0.7,0.4,-2.2,-1.5,-8.6,24.6,30.3,-5.7,-1.3,2.4,-0.9,-1.4,7.7,4.9,-0.9,-1.0,-12.9,10.3,24.9,3.2,-0.7,2.7,6.2,3.8,41.0,37.1,37.6,34.2,70.5,-167.0,-27.0,32.7,40.2,31.9,29.2,34.9,3.22,3.48,3.43,3.1,4.36,4.79,3.39,3.24,3.42,3.3,3.24,3.4,41.7,37.3,37.5,34.2,70.8,-167.3,-27.0,33.8,40.3,32.2,29.7,35.4,150.2,149.8,157.1,159.0,149.4,148.9,135.6,115.7,116.7,114.5,116.4,119.5,42.8,42.7,41.7,39.7,43.2,45.4,77.8,113.7,114.8,115.0,115.8,115.5,55.8,56.0,54.1,52.7,50.4,113.1,-178.5,67.6,0.5,2.8,13.1,12.6,5.7,31.7,46.3,26.0,3.9,6.9,21.1,7.6,59.9,34.2,9.3,8.4,116.8,116.7,116.7,117.2,111.1,112.6,115.6,108.8,111.0,117.3,116.7,115.5,115.8,115.7,115.1,114.8,115.5,115.7,115.8,116.0,115.3,115.2,115.5,115.4,7.71,6.47,4.24,3.83,7.69,10.48,10.82,8.88,5.36,5.05,6.01,6.93,3.31,4.54,5.53,5.61,3.99,4.55,4.63,4.14,5.82,5.97,5.77,5.52,10.71,12.13,12.7,13.64,13.91,13.16,12.71,13.37,13.27,13.02,15.02,16.34,-0.14,4.58,4.52,3.7,4.97,6.49,7.73,5.35,4.23,5.77,4.81,0.04
APC_3340_3,36.0,36.0,36.0,36.0,36.0,36.0,36.0,36.0,36.0,36.0,36.0,36.0,-1.26,-0.07,-0.28,-0.24,-0.05,-5.37,-5.6,-0.62,-0.6,0.3,0.3,-0.25,-0.39,0.01,-0.06,-0.04,0.06,-0.46,-0.46,0.09,0.11,0.11,0.11,0.19,1.16,-0.06,-0.16,-0.01,-0.01,-2.23,-2.52,-0.36,0.07,0.05,-0.09,0.04,6.3,2.9,3.4,3.4,4.1,18.4,11.6,-0.6,5.6,0.6,1.7,6.3,-1.6,-6.7,-13.1,-12.6,-6.9,18.2,25.7,3.0,-4.2,-5.8,-0.7,-1.1,4.0,2.1,6.1,5.1,-1.8,-70.8,-69.2,-4.6,-2.7,-2.4,-2.4,-2.2,-0.66,-1.04,-1.23,-1.1,-0.42,-3.33,-3.82,-1.55,-2.44,-2.71,-2.05,-1.65,0.23,0.29,0.48,0.72,0.27,-0.35,-0.74,-1.03,-0.83,-0.29,-0.02,0.03,7.2,10.3,10.4,12.0,8.5,9.9,18.2,16.7,11.2,7.7,8.2,7.6,-2.5,-1.1,4.2,2.7,-1.9,18.2,16.2,7.4,2.8,-4.4,-3.7,0.6,4.3,4.2,4.8,5.3,5.4,5.2,4.9,4.6,4.1,3.3,3.0,2.6,-0.14,-0.22,-0.2,0.13,-3.52,-1.29,1.98,-0.37,-0.07,0.4,0.08,-0.23,0.02,-0.1,-0.16,-0.73,0.87,0.18,-1.37,-0.69,-1.14,-0.59,-0.09,-0.67,3.78,3.31,3.3,3.28,2.37,5.07,5.87,3.27,3.49,3.34,3.25,3.5,5.2,-0.3,-2.2,0.0,3.2,-6.9,-12.4,-5.1,-0.5,2.9,-1.1,-1.5,5.2,7.2,2.0,-1.9,11.5,20.1,10.0,4.8,-1.0,3.0,6.3,3.7,33.4,31.7,35.4,33.6,20.5,28.7,33.9,29.1,39.1,32.3,28.8,34.2,3.64,3.29,3.31,3.05,2.0,3.34,4.18,3.02,3.3,3.33,3.29,3.4,34.7,32.3,35.4,33.4,19.6,31.6,38.5,30.3,39.3,32.7,29.3,34.6,150.3,150.7,154.1,150.8,153.0,171.9,147.5,115.3,115.9,116.1,117.2,119.1,42.2,42.0,41.6,40.9,43.2,41.5,76.1,114.3,115.1,114.9,115.8,115.6,68.7,71.2,54.3,52.2,93.2,169.4,177.7,104.6,11.6,10.4,5.6,3.0,3.8,2.3,9.3,9.9,2.2,63.8,100.9,0.3,1.5,8.9,8.6,5.3,116.6,111.3,110.2,114.3,115.7,118.8,117.9,112.8,113.3,116.8,116.6,115.1,115.6,115.8,115.3,114.7,114.5,115.1,116.3,116.1,115.3,115.1,115.5,115.5,7.84,7.02,6.48,4.92,6.04,10.12,11.47,9.28,5.48,4.83,6.23,7.42,3.75,4.71,5.16,5.27,4.49,2.16,1.69,3.78,5.48,5.83,5.62,5.52,11.69,14.36,13.5,13.67,14.84,14.54,13.99,14.83,15.26,14.99,15.34,16.23,-0.2,4.17,5.49,4.47,4.64,10.02,10.06,6.71,5.43,5.63,3.8,-0.46
APC_4099_1,70.6,70.6,70.6,70.6,70.6,70.6,70.6,70.6,70.6,70.6,70.6,70.6,-0.82,-1.2,-0.74,-0.25,-0.03,-0.2,-0.14,0.4,1.44,1.64,0.61,0.63,-3.91,-4.11,-4.19,-3.07,-2.67,-4.25,-4.25,-2.63,-2.2,-3.13,-4.36,-4.3,0.58,0.73,0.54,-0.41,-1.38,-1.38,-1.57,-1.42,-0.32,0.5,0.98,0.89,3.4,-3.0,-3.4,-5.5,-3.3,-1.4,1.2,8.1,13.1,9.9,3.7,-1.3,-15.3,-16.4,-1.2,7.1,11.9,9.5,7.9,11.2,1.8,-7.7,-26.7,-26.8,0.4,-0.7,1.2,3.5,4.3,-9.8,-7.9,7.5,2.5,1.2,-0.6,-1.1,-0.01,-0.04,-0.08,-0.11,-0.01,-0.02,-0.1,-0.08,-0.13,-0.08,0.0,0.06,0.56,0.13,-0.08,-0.06,-0.09,-0.34,-0.32,0.03,0.18,0.04,-0.12,-0.37,6.7,9.6,14.3,16.4,9.4,6.6,12.4,14.1,12.0,9.6,9.0,5.5,-31.6,-25.9,-15.3,-5.0,8.5,29.9,-3.3,-19.0,-20.9,-8.0,5.1,8.4,11.7,11.9,12.6,13.7,13.6,12.2,11.5,11.9,13.4,14.0,12.8,11.8,-0.58,-0.01,0.23,0.17,0.44,0.62,0.17,-0.63,-0.45,-0.04,0.1,0.58,-1.8,-1.61,-1.42,-1.62,-1.17,-1.33,-1.45,-1.3,-1.79,-1.53,-1.41,-1.19,1.97,2.13,2.24,2.22,2.07,2.06,2.15,2.13,2.22,2.31,2.1,1.64,0.4,1.1,0.0,0.4,2.8,7.4,3.1,-1.1,-0.4,-1.5,-0.5,1.6,-6.9,-6.4,-5.5,-4.5,-4.7,-3.5,-3.6,-4.7,-4.8,-6.1,-5.6,-4.6,10.3,13.0,17.4,19.7,11.6,7.4,15.7,17.6,16.4,15.6,12.0,7.6,-0.36,-0.36,-0.36,-0.33,-0.18,-0.35,-0.47,-0.36,-0.43,-0.34,-0.23,-0.07,14.8,17.5,22.1,18.8,8.9,22.8,36.2,20.7,17.2,20.7,14.9,8.8,-23.0,-18.4,-31.3,-22.4,-23.7,-26.1,-19.2,-29.4,-44.3,-36.7,-20.4,-31.4,86.9,87.1,87.2,86.4,86.7,82.5,82.4,86.5,86.7,87.4,88.1,86.5,53.6,44.4,44.8,52.8,38.4,13.9,17.1,48.8,45.8,31.9,31.7,31.3,40.5,34.3,38.6,55.2,42.0,41.9,44.8,38.8,29.8,39.8,46.0,43.7,-34.1,-30.6,-20.8,-13.7,-25.5,-34.5,-28.4,-20.4,-28.7,-27.3,-25.2,-30.1,87.8,88.2,87.6,86.3,86.5,86.4,87.3,87.3,87.4,87.9,87.3,86.8,9.25,9.13,6.07,6.13,6.93,7.73,7.84,7.05,6.11,5.91,8.93,9.24,0.88,1.31,2.09,2.86,2.79,2.41,2.44,2.76,2.77,2.14,1.35,0.88,9.21,8.6,5.5,6.08,7.14,7.88,7.75,6.78,5.92,5.68,8.73,9.11,0.42,0.97,2.04,2.74,3.09,3.0,2.95,3.1,2.89,2.08,0.92,0.31
APC_4099_2,68.3,68.3,68.3,68.3,68.3,68.3,68.3,68.3,68.3,68.3,68.3,68.3,-0.64,-0.57,-0.23,-0.11,-0.03,-0.08,0.14,0.41,0.85,1.4,1.02,1.07,-3.71,-3.84,-3.94,-3.09,-2.96,-4.16,-4.23,-3.22,-2.67,-3.16,-4.27,-4.25,0.34,0.47,0.28,-0.38,-1.02,-1.06,-1.25,-1.08,-0.12,0.39,0.8,0.7,5.6,0.0,-0.8,-0.6,-0.6,-0.6,0.4,4.4,9.6,7.6,1.6,-2.6,-15.8,-17.4,-1.5,6.7,9.2,4.3,3.7,9.1,3.3,-2.0,-22.0,-26.5,0.9,1.2,2.3,3.1,2.8,-7.0,-5.0,5.6,1.8,2.1,-0.4,-1.1,-0.02,-0.05,-0.11,-0.12,-0.02,-0.1,-0.16,-0.06,-0.07,-0.03,0.04,0.05,0.57,0.12,-0.11,-0.03,-0.1,-0.44,-0.37,0.0,0.14,0.07,-0.06,-0.32,5.7,8.8,12.3,15.4,8.6,3.6,11.5,17.0,13.6,8.9,8.5,6.3,-30.0,-20.7,-14.4,-6.5,6.9,31.1,-4.4,-17.1,-14.8,-1.4,4.5,5.9,11.6,11.7,12.4,13.4,13.1,11.7,11.1,11.6,13.1,13.6,12.5,11.5,-0.56,0.03,0.21,0.1,0.46,0.64,0.13,-0.6,-0.42,-0.05,0.07,0.59,-1.93,-1.64,-1.32,-1.57,-1.24,-1.37,-1.45,-1.26,-1.62,-1.48,-1.52,-1.24,1.99,2.05,2.12,2.13,2.02,1.99,2.11,2.1,2.12,2.26,2.15,1.7,1.1,0.1,-0.9,0.0,0.4,4.0,2.3,-1.2,-0.1,-1.3,-0.8,0.9,-6.0,-5.0,-4.4,-4.2,-4.5,-2.7,-2.6,-3.2,-3.9,-5.8,-5.8,-4.6,10.6,14.2,18.2,19.3,11.1,8.0,16.8,17.4,15.2,14.7,11.9,8.5,-0.38,-0.38,-0.36,-0.31,-0.09,-0.26,-0.51,-0.39,-0.42,-0.4,-0.33,-0.14,16.2,20.5,22.3,16.8,10.4,28.7,34.9,18.7,17.2,19.6,13.4,9.2,-25.4,-18.8,-15.2,-14.2,-24.3,-22.4,-20.6,-23.9,-40.7,-40.5,-32.4,-48.4,86.4,87.0,87.0,86.1,86.6,82.5,82.8,87.0,87.0,87.6,88.5,87.2,54.5,45.3,44.7,52.7,34.3,-3.1,0.8,43.2,42.0,31.5,33.1,35.5,36.6,35.3,42.1,54.5,40.3,39.3,44.9,40.8,30.5,38.4,46.2,40.7,-24.4,-27.0,-22.9,-19.9,-22.2,-13.4,-16.2,-24.3,-28.0,-21.0,-29.8,-34.7,87.2,87.5,87.1,86.1,86.4,86.7,87.2,87.3,87.5,87.3,87.1,86.9,8.99,10.03,7.78,6.33,6.57,6.88,6.89,6.62,6.48,7.6,9.77,8.96,0.72,1.22,2.11,3.08,3.18,2.72,2.65,3.08,3.04,2.15,1.16,0.59,8.99,9.67,7.37,6.35,6.73,7.06,6.9,6.41,6.29,7.77,9.89,8.96,0.33,0.98,2.1,2.94,3.38,3.51,3.55,3.47,3.03,2.18,0.97,0.24
APC_4099_3,74.9,74.9,74.9,74.9,74.9,74.9,74.9,74.9,74.9,74.9,74.9,74.9,-0.65,-0.79,-0.57,-0.21,-0.04,-0.14,0.16,0.69,1.49,1.67,0.86,0.87,-3.94,-4.14,-4.26,-3.16,-2.64,-4.09,-4.18,-2.73,-2.56,-3.45,-4.53,-4.43,0.39,0.5,0.43,-0.47,-1.57,-1.4,-1.57,-1.64,-0.35,0.6,0.86,0.6,4.3,-1.8,-2.3,-3.4,-4.0,-2.3,2.5,8.7,14.4,9.0,2.3,-1.5,-14.1,-16.6,-4.5,6.5,13.0,8.4,6.8,10.7,-0.2,-7.1,-20.0,-24.8,-0.7,-0.5,1.6,5.1,6.0,-12.6,-11.4,7.6,2.7,0.9,-1.1,-1.9,-0.03,-0.05,-0.12,-0.09,0.07,0.03,-0.06,-0.1,-0.17,-0.11,0.0,0.05,0.55,0.2,-0.02,-0.05,-0.1,-0.32,-0.32,0.01,0.18,0.02,-0.16,-0.34,6.6,12.1,16.9,15.6,8.4,7.5,10.6,12.2,13.9,11.8,10.1,5.7,-31.1,-23.1,-12.1,0.4,13.7,33.9,-7.8,-20.7,-21.6,-3.9,9.1,8.2,11.4,11.7,12.5,14.0,14.3,13.4,12.8,13.1,14.3,14.1,12.6,11.5,-0.6,-0.05,0.19,0.13,0.39,0.59,0.16,-0.64,-0.41,0.0,0.1,0.58,-1.85,-1.66,-1.5,-1.62,-1.06,-1.21,-1.4,-1.29,-1.8,-1.59,-1.48,-1.24,2.08,2.23,2.31,2.25,2.07,1.95,2.03,2.12,2.26,2.4,2.19,1.71,0.4,0.7,0.1,0.4,2.1,5.3,2.0,-1.0,-0.2,-1.4,-0.4,1.4,-6.9,-6.7,-6.3,-5.6,-5.9,-1.2,-1.3,-4.7,-4.9,-6.4,-6.3,-5.3,11.2,14.9,18.2,18.7,10.3,5.8,14.0,16.8,16.1,15.4,12.2,8.6,-0.41,-0.4,-0.37,-0.31,-0.11,-0.25,-0.36,-0.31,-0.47,-0.44,-0.29,-0.13,16.2,19.4,21.1,18.2,13.0,23.1,32.6,19.9,16.1,20.5,14.8,10.3,-11.2,-9.5,-17.5,-14.1,-20.8,-30.5,-25.4,-15.0,-41.3,-44.2,-34.8,-39.8,86.6,87.2,86.9,85.8,86.8,82.6,82.8,87.5,87.2,87.5,88.5,86.8,56.7,46.3,45.1,51.4,37.5,8.2,8.5,45.8,41.6,28.4,25.8,30.0,41.7,34.3,34.2,51.9,44.6,44.9,43.8,34.9,32.2,49.6,51.1,40.7,-30.3,-28.2,-22.9,-12.2,-16.1,-22.2,-15.3,-20.2,-37.6,-28.3,-19.2,-23.2,87.9,88.1,87.6,86.3,86.2,86.0,87.0,87.9,87.5,87.0,86.5,86.8,9.05,9.64,7.28,6.57,7.13,7.77,7.8,7.21,6.66,7.14,9.52,8.99,0.77,1.15,1.92,3.13,3.47,3.05,3.02,3.47,3.14,2.03,1.21,0.75,9.13,9.41,6.82,6.79,7.57,7.95,7.77,7.14,6.58,7.06,9.46,9.05,0.34,0.87,1.93,3.06,3.72,3.74,3.67,3.65,3.1,1.92,0.79,0.24
APC_4103_1,30.9,30.9,30.9,30.9,30.9,30.9,30.9,30.9,30.9,30.9,30.9,30.9,0.32,0.33,-0.03,-0.12,-0.01,-5.82,-6.35,-0.45,0.23,0.23,-0.35,-0.93,0.1,0.12,0.01,0.06,0.07,-0.01,-0.04,0.07,0.21,0.19,0.12,0.05,0.17,0.04,0.0,0.03,0.02,-0.61,-0.78,-0.16,-0.03,0.04,0.02,0.13,-5.3,-6.7,-1.7,2.9,4.4,13.8,9.7,2.1,3.9,-2.9,1.8,15.5,-9.1,-5.9,-3.4,-6.0,-2.8,34.2,34.8,-0.8,-5.3,-3.3,2.2,1.8,-4.2,-3.8,1.8,3.0,2.5,-50.6,-58.0,-5.2,-2.6,-2.3,-2.1,-1.5,-1.01,-0.95,-0.7,-0.35,-0.01,-2.89,-3.45,-1.37,-2.09,-2.3,-1.82,-1.61,0.01,-0.07,0.47,0.67,0.12,-0.65,-0.96,-0.92,-0.75,-0.22,0.14,0.46,1.2,3.1,5.7,10.1,9.5,7.3,12.3,14.9,12.1,8.1,7.6,6.8,-1.7,-0.5,4.2,5.3,-2.2,8.9,16.4,6.8,-2.3,-4.2,-0.4,0.7,1.6,2.3,3.2,3.8,4.5,4.8,4.5,4.3,4.0,3.4,2.8,2.1,0.4,0.48,-0.1,0.04,-3.68,-1.66,2.33,0.12,0.12,0.11,-0.33,-1.14,-0.44,0.12,-0.22,-0.34,0.73,0.03,-0.97,-0.7,-0.89,-0.48,-0.1,-0.3,3.37,3.21,3.27,3.33,3.1,5.13,5.26,3.34,3.52,3.28,3.09,4.06,3.3,1.5,-1.1,-0.2,-1.4,-6.5,-6.5,-1.7,0.4,0.9,-1.5,1.8,1.4,4.4,4.0,-1.4,11.7,19.7,5.6,1.4,3.3,5.8,3.8,0.5,34.5,31.6,32.2,34.5,18.3,22.1,40.2,35.2,34.0,28.1,27.4,40.2,3.38,3.25,3.23,3.24,2.73,3.69,3.98,3.05,3.37,3.26,3.07,3.89,34.7,31.9,32.7,34.8,18.2,24.6,43.1,35.8,34.5,28.6,27.9,40.8,147.7,139.0,148.9,151.4,121.4,137.1,137.6,113.7,112.0,114.0,115.1,117.8,40.5,41.9,41.5,41.0,40.4,40.8,77.7,114.2,115.1,115.0,115.6,115.3,58.8,58.7,57.4,53.4,52.0,-7.6,-67.6,58.5,1.1,1.7,1.8,6.2,3.1,15.1,22.4,13.7,21.9,92.2,92.2,9.6,1.1,26.0,44.4,13.6,117.7,118.4,117.6,115.9,117.0,119.0,112.1,105.1,111.7,117.7,115.4,114.4,115.2,115.3,115.6,115.1,115.2,115.3,115.9,116.2,115.5,115.4,115.7,115.0,6.46,6.49,6.52,6.39,8.79,11.77,11.71,8.84,6.02,6.15,7.03,7.95,4.93,5.58,5.54,5.13,3.76,1.21,1.41,4.22,5.7,5.75,5.61,5.28,14.86,13.45,13.77,14.12,13.96,12.69,12.21,13.46,14.65,14.97,15.87,16.74,0.35,4.22,4.45,3.98,4.82,8.76,9.01,5.81,5.33,5.84,3.48,0.26
APC_4103_2,41.3,41.3,41.3,41.3,41.3,41.3,41.3,41.3,41.3,41.3,41.3,41.3,0.32,0.34,-0.02,-0.12,-0.15,0.93,-0.17,-1.18,0.23,0.24,-0.35,-0.93,0.1,0.12,0.02,0.07,0.11,-0.29,-0.49,-0.07,0.19,0.18,0.11,0.04,0.19,0.07,0.07,0.13,0.23,2.05,1.67,-0.25,-0.02,0.01,-0.05,0.07,-5.9,-10.6,-4.3,5.4,15.5,6.9,-9.0,1.3,5.3,-2.1,1.7,12.9,-10.7,-6.4,-2.8,-3.2,-1.3,-0.2,8.1,5.7,-3.8,-2.9,0.9,-1.6,-4.4,-4.0,1.1,2.4,1.6,19.4,-23.9,-6.8,-3.0,-2.6,-1.8,-1.2,-0.88,-0.69,-0.29,-0.3,-0.19,0.1,-0.01,-0.86,-1.96,-2.2,-1.7,-1.36,0.01,-0.08,0.29,0.38,0.37,1.22,0.28,-1.36,-0.98,-0.29,0.18,0.38,0.5,2.3,4.9,9.9,14.9,-2.3,-4.2,13.4,11.5,7.1,5.9,5.3,-2.3,0.1,5.6,4.7,-5.2,-5.7,8.5,11.0,-0.3,-5.2,-0.4,2.4,2.1,3.0,4.4,5.6,6.8,7.2,6.5,5.7,5.0,3.9,3.1,2.4,0.41,0.57,-0.07,0.0,-0.48,0.13,0.82,-0.12,-0.09,-0.05,-0.33,-0.85,-0.4,0.15,-0.23,-0.11,2.17,-1.59,-3.85,-0.86,-0.96,-0.4,-0.09,-0.42,3.44,3.21,3.22,3.23,4.62,5.3,3.75,3.31,3.55,3.3,3.13,3.9,3.5,0.6,-1.8,0.3,-8.4,-0.8,6.7,-3.2,-0.1,0.7,-2.0,0.7,1.8,3.8,0.6,-2.0,0.1,18.2,18.3,0.4,0.7,6.0,4.8,-0.2,35.4,32.2,30.1,31.0,37.7,10.8,19.8,37.5,34.2,27.5,28.0,38.1,3.44,3.2,3.14,3.18,4.67,4.89,3.13,2.97,3.36,3.29,3.12,3.77,35.6,32.7,30.6,31.5,37.9,14.8,23.0,38.2,34.5,28.0,28.5,38.6,148.3,141.6,149.9,156.6,152.3,147.2,121.0,116.4,116.7,114.8,115.7,118.0,40.3,41.9,41.7,41.0,41.1,40.5,77.3,114.7,114.8,115.0,115.5,115.3,56.7,55.5,56.2,63.5,61.3,50.0,32.1,42.7,3.3,3.6,14.6,19.4,2.9,5.0,78.0,59.2,2.6,68.4,93.8,14.1,47.7,29.0,10.1,12.6,117.8,118.6,118.5,116.3,114.6,116.1,108.3,101.0,110.8,118.2,115.5,113.9,115.1,115.5,115.7,115.0,115.2,114.8,115.4,116.6,115.6,115.5,115.8,115.0,6.13,6.14,5.99,5.59,8.24,11.78,12.64,10.07,6.32,5.67,6.7,7.77,5.01,5.75,5.83,5.5,4.0,2.35,1.71,3.31,5.45,5.8,5.63,5.12,13.96,13.83,14.45,14.93,14.85,13.76,13.4,14.39,14.68,14.63,15.04,16.76,-0.43,3.44,3.74,3.54,4.69,7.88,8.88,4.79,3.97,5.57,4.81,-0.2
APC_4103_3,31.2,31.2,31.2,31.2,31.2,31.2,31.2,31.2,31.2,31.2,31.2,31.2,0.31,0.33,0.02,-0.08,-0.02,1.93,-0.77,-2.64,0.24,0.25,-0.36,-0.94,0.1,0.12,0.01,0.06,0.07,-0.71,-1.77,-0.97,0.18,0.18,0.12,0.04,0.21,0.09,0.03,0.04,0.04,0.58,0.35,-0.33,-0.17,-0.01,-0.03,0.12,-6.0,-7.8,-3.3,0.2,6.9,5.0,-0.7,8.5,10.7,0.6,2.6,16.2,-9.8,-5.4,-3.8,-7.8,-4.1,-7.9,-1.5,2.0,-7.0,-4.2,2.3,1.4,-4.1,-3.7,0.8,1.6,2.9,48.6,-73.0,-13.3,-3.6,-2.7,-1.7,-1.0,-0.88,-0.69,-0.48,-0.62,-0.43,0.66,0.43,-1.25,-2.13,-2.52,-2.28,-1.87,-0.05,-0.12,0.21,0.14,0.03,1.09,0.2,-1.38,-0.84,-0.43,-0.04,0.6,0.5,1.8,3.4,6.5,9.1,-7.7,-6.7,14.1,15.4,11.5,9.5,7.3,-2.6,-0.8,3.9,5.1,-2.0,-1.0,11.8,11.0,1.9,-2.9,-0.9,0.6,1.8,2.7,3.7,4.1,4.7,5.0,4.7,4.6,4.4,3.8,3.3,2.6,0.49,0.47,-0.02,0.03,-0.36,0.57,1.22,0.3,-0.18,-0.16,-0.29,-1.22,-0.38,0.14,-0.42,-0.56,2.62,-0.83,-3.72,-0.8,-1.22,-0.65,-0.06,-0.33,3.38,3.23,3.34,3.39,3.85,4.33,3.71,3.36,3.64,3.36,3.08,4.11,3.5,1.7,-1.0,-0.1,-0.8,6.3,5.2,-2.9,-1.0,0.4,-1.7,2.0,1.8,3.8,1.7,-2.1,-3.6,11.9,16.5,5.7,3.8,5.3,4.2,0.3,34.6,31.4,32.8,33.7,54.5,57.2,26.3,42.6,32.4,26.2,27.8,40.6,3.39,3.27,3.3,3.25,3.36,3.16,2.71,2.88,3.25,3.24,3.08,3.92,34.8,31.8,33.2,33.8,54.5,68.1,32.2,44.2,33.3,26.8,28.3,41.1,147.4,138.1,151.6,154.5,139.2,146.4,136.3,112.5,109.9,114.5,115.7,118.0,40.1,42.5,41.7,40.9,41.3,42.7,80.5,115.7,115.4,114.9,115.6,115.3,56.2,55.0,61.6,59.3,49.7,113.3,178.8,51.7,3.9,3.8,3.1,9.0,3.3,16.4,21.2,48.0,61.9,72.2,97.3,14.1,68.1,53.6,14.2,8.5,117.9,118.5,118.8,117.6,118.1,117.8,109.3,107.1,114.2,117.8,115.9,114.7,115.2,115.4,115.5,115.0,115.4,113.9,114.4,116.5,115.8,115.6,115.7,115.0,6.75,6.29,5.81,4.96,7.52,11.9,12.8,10.27,6.27,5.19,6.66,8.22,4.84,5.7,5.71,5.58,4.21,3.61,3.28,3.15,5.1,5.62,5.3,5.04,14.25,13.38,14.58,15.22,15.38,14.23,14.44,15.69,15.63,15.3,15.35,15.77,-0.39,3.69,3.98,3.17,3.62,5.07,6.91,5.96,4.58,5.55,4.31,0.59
APC_4343_1,45.2,45.2,45.2,45.2,45.2,45.2,45.2,45.2,45.2,45.2,45.2,45.2,0.32,0.33,0.01,-0.29,-0.07,-5.78,-5.85,-0.44,-0.95,-0.62,-0.03,-0.01,0.11,0.12,0.02,-0.01,-0.01,-1.22,-1.12,0.11,0.03,0.09,0.18,0.2,0.16,0.06,-0.18,-0.03,0.2,-3.25,-3.36,-0.04,0.06,0.15,0.18,0.08,-6.0,-7.8,-3.7,9.4,4.1,7.1,8.2,-1.4,8.6,5.3,-3.4,-0.1,-8.2,-5.5,-2.3,-5.2,-13.3,39.7,61.6,5.0,-10.5,-11.4,-4.2,1.1,-4.5,-3.7,0.4,5.0,7.3,-47.7,-55.4,-2.5,0.0,-2.0,-2.6,-2.3,-1.52,-1.35,-1.21,-0.83,0.29,-2.59,-3.1,-0.56,-1.66,-2.32,-1.69,-0.99,0.03,0.1,0.54,0.74,0.63,-0.2,-0.89,-1.2,-1.02,-0.19,0.32,0.4,2.5,5.5,10.8,17.1,2.1,-7.0,8.1,13.9,13.2,7.5,3.4,4.4,-0.1,-0.4,5.2,7.8,40.7,93.7,28.6,11.9,4.4,-1.5,-3.1,-1.2,1.6,2.1,3.3,4.8,6.2,6.9,6.8,6.1,5.5,4.4,3.2,2.4,0.46,0.34,0.15,-0.16,-4.1,-1.65,1.87,-0.38,-0.41,0.09,0.15,-0.56,-0.54,-0.01,-0.14,-0.18,0.84,-0.08,-1.19,-0.4,-0.77,-0.82,-0.32,-0.13,3.38,3.26,3.1,3.17,0.73,2.86,5.41,3.16,3.38,3.52,3.28,3.68,3.1,2.7,-1.1,-2.2,-4.3,-15.9,-11.9,-1.1,-2.7,-1.2,1.7,2.7,0.8,7.1,7.7,0.7,24.3,20.2,-2.7,3.3,1.5,0.2,2.6,4.8,35.0,30.4,27.2,32.9,39.9,45.1,32.4,27.9,37.2,38.4,32.7,33.5,3.39,3.32,3.0,2.87,-0.5,-0.06,3.42,2.96,3.25,3.48,3.29,3.6,35.1,31.0,28.3,33.6,34.8,43.6,37.1,28.8,37.5,38.5,33.0,34.3,148.1,126.4,126.5,136.6,161.1,169.3,133.3,110.2,113.2,118.1,113.5,114.5,40.5,41.5,39.5,39.9,37.6,34.6,74.8,114.4,115.0,114.9,115.6,115.5,56.6,57.2,59.3,58.1,56.7,38.7,-12.3,84.1,7.0,6.7,3.1,9.2,4.1,0.8,6.5,9.0,7.7,99.7,101.6,2.1,0.1,2.3,8.9,8.3,115.4,114.5,117.0,108.3,107.6,116.3,112.7,107.9,111.1,116.3,118.9,118.4,114.9,115.5,115.6,115.1,115.6,114.0,115.0,116.6,115.4,115.0,115.5,115.4,6.94,8.17,8.76,6.7,7.41,11.43,12.3,9.76,5.77,4.12,4.86,6.37,4.75,5.17,4.84,5.51,4.97,1.2,0.07,3.06,5.53,6.05,5.93,5.55,15.15,14.56,15.4,15.63,15.05,13.31,11.56,13.01,14.61,14.11,13.9,15.66,0.79,2.83,5.05,4.04,4.65,10.67,11.33,6.97,5.23,5.25,5.35,-0.01
APC_4343_2,75.1,75.1,75.1,75.1,75.1,75.1,75.1,75.1,75.1,75.1,75.1,75.1,-0.79,-1.24,-1.63,-1.76,-1.16,0.26,0.82,1.06,1.92,1.68,1.29,0.89,-4.27,-4.38,-3.8,-2.97,-2.75,-3.56,-3.55,-2.57,-2.71,-3.69,-4.2,-4.08,0.77,1.31,0.88,0.34,-0.12,-0.65,-0.67,-0.25,0.39,1.11,1.2,0.65,5.5,0.5,0.4,-1.9,-2.5,-0.3,4.3,7.4,9.1,7.0,6.6,0.0,-27.6,-22.8,-13.3,-3.0,6.2,7.5,7.2,6.3,-2.7,-13.2,-20.7,-17.4,-4.0,-1.1,1.3,1.9,4.1,-11.8,-11.1,6.5,2.6,-0.3,-1.5,-4.0,-0.13,-0.06,-0.03,-0.11,-0.09,-0.01,0.0,-0.05,-0.02,0.04,0.02,-0.04,0.01,-0.08,-0.16,-0.06,0.06,-0.26,-0.34,0.11,0.33,0.27,-0.06,-0.09,9.4,13.6,16.8,18.3,12.8,7.4,9.6,12.7,13.2,11.1,6.8,0.8,-11.0,-5.2,-7.0,-18.8,-17.3,-13.8,-10.1,-16.7,-19.8,-14.1,-4.5,-7.2,12.0,12.2,12.9,13.9,13.8,12.8,12.5,12.8,13.8,13.7,12.3,11.7,0.59,0.47,-0.11,-0.35,0.12,1.2,0.81,-0.31,-0.51,-0.29,-0.03,-0.23,-1.42,-1.26,-1.22,-1.35,-1.22,-1.49,-1.23,-1.03,-1.38,-1.83,-1.39,-0.75,1.91,2.12,2.28,2.27,2.01,1.88,2.11,2.26,2.27,2.26,2.29,1.95,-0.7,-0.5,-1.0,-1.0,-0.9,-2.1,-0.2,0.4,-0.5,-0.8,-0.8,0.1,-4.5,-3.1,-4.1,-4.1,-3.6,1.8,0.9,-3.4,-4.0,-5.3,-6.1,-3.5,11.7,14.2,14.9,16.2,12.3,6.2,11.5,15.6,15.8,14.2,13.7,9.4,-0.28,-0.14,-0.18,-0.41,-0.36,-0.25,-0.31,-0.24,-0.23,-0.25,-0.14,0.0,14.2,18.2,17.4,13.1,10.6,-0.3,17.6,18.8,17.0,14.5,19.4,17.1,-54.1,-21.2,20.7,-25.3,-50.7,-30.6,-49.4,-54.2,-22.9,16.5,-24.9,-39.3,89.0,87.6,85.6,85.4,86.6,83.6,83.4,88.7,88.0,86.2,87.4,87.3,43.1,45.5,49.2,42.2,40.8,-38.8,-87.0,40.1,39.5,53.0,61.1,58.2,48.1,54.2,51.2,21.1,31.3,45.5,46.5,27.6,31.5,49.2,57.2,45.9,-54.5,-12.8,-20.9,-67.9,-53.7,-35.9,-35.3,-60.8,-55.2,-44.0,-34.9,-56.3,86.8,85.6,86.5,87.8,87.0,88.0,86.7,85.7,86.9,87.9,87.8,88.1,9.52,9.46,6.08,6.14,7.05,7.94,8.11,7.27,6.1,5.82,9.05,9.26,0.9,1.43,2.31,3.03,3.28,2.95,3.06,3.26,2.66,2.06,1.39,0.87,9.12,8.71,5.66,6.0,7.21,8.13,8.17,7.38,6.21,5.86,8.92,9.21,0.63,1.11,2.1,2.94,3.56,3.66,3.55,3.55,3.14,2.11,1.09,0.53
APC_4343_3,36.2,36.2,36.2,36.2,36.2,36.2,36.2,36.2,36.2,36.2,36.2,36.2,0.34,0.35,-0.04,-0.32,-0.11,-3.55,-3.51,-0.36,-0.91,-0.63,-0.05,0.08,0.1,0.11,0.01,-0.04,-0.03,-0.13,-0.06,0.08,0.03,0.09,0.19,0.21,0.12,0.01,-0.1,-0.08,0.05,-1.48,-1.68,-0.14,0.05,0.13,0.17,0.15,-4.5,-6.7,-3.4,2.1,0.2,10.3,9.9,-0.5,8.0,5.1,-5.7,-4.9,-8.4,-5.7,-5.3,-8.0,-6.9,40.4,58.7,2.0,-11.0,-10.2,-3.6,5.2,-3.7,-3.3,1.9,5.7,4.4,-31.1,-38.4,-2.9,-1.2,-2.5,-2.3,-2.0,-1.45,-1.5,-1.29,-1.11,-0.52,-2.64,-2.71,-0.89,-2.17,-2.46,-1.81,-0.77,0.15,0.15,0.64,1.04,1.14,1.44,0.37,-1.13,-0.7,0.13,0.53,0.62,2.8,5.6,10.0,15.5,6.5,-2.5,10.1,15.4,11.4,6.8,5.4,2.5,-0.7,0.3,5.0,4.3,3.3,45.8,16.5,3.8,1.2,0.5,-1.3,-2.3,1.7,2.5,3.6,4.3,4.9,5.2,5.0,4.6,4.6,4.3,3.9,3.4,0.29,0.42,-0.07,-0.36,-3.06,-0.67,1.86,-0.53,-0.21,0.01,0.2,-1.2,-0.59,-0.04,-0.04,-0.15,0.68,-1.14,-2.01,-0.37,-0.91,-0.96,-0.41,-0.21,3.4,3.27,3.24,3.21,1.88,3.53,4.9,3.22,3.4,3.58,3.23,2.66,2.8,1.4,-0.7,-1.0,-0.9,-4.7,-4.9,-1.7,-2.5,-1.4,0.9,0.9,1.8,6.4,5.4,1.5,18.6,18.2,1.4,4.9,3.2,-0.3,2.5,14.3,34.1,31.2,31.1,32.2,28.8,25.8,23.1,27.1,35.8,38.9,31.2,15.4,3.4,3.3,3.21,3.05,1.05,1.5,3.52,3.13,3.34,3.57,3.21,1.93,34.2,31.8,31.9,32.9,26.6,23.8,25.0,28.0,36.0,38.8,31.5,17.3,145.4,136.2,143.5,141.8,131.0,165.6,146.9,106.6,108.2,117.8,115.7,117.3,40.5,41.6,41.2,39.4,37.9,39.0,77.5,115.4,115.4,115.1,115.1,115.6,56.0,56.0,56.9,54.8,54.1,3.8,-71.5,91.8,8.0,7.0,5.9,7.1,3.1,16.1,79.6,89.0,59.0,47.8,105.2,-0.6,9.1,28.0,17.0,3.2,117.0,117.4,116.9,116.0,116.4,118.2,119.6,117.3,115.1,115.9,118.9,118.6,115.3,115.4,115.6,115.3,115.0,114.6,115.4,116.0,115.3,115.1,115.6,115.3,6.35,6.77,7.16,6.74,8.45,11.78,11.98,9.35,5.63,3.55,4.94,6.95,4.95,5.26,5.18,5.01,3.82,1.15,1.12,3.63,5.42,6.15,5.8,5.24,15.25,14.42,14.31,14.52,15.0,14.68,14.35,15.09,14.94,14.21,14.27,15.74,0.42,3.49,5.16,4.24,4.3,9.58,9.94,6.03,4.63,5.03,4.65,1.07
APC_4348_1,44.4,44.4,44.4,44.4,44.4,44.4,44.4,44.4,44.4,44.4,44.4,44.4,-0.03,0.24,-0.03,-0.19,0.0,-6.1,-6.29,-0.61,-0.6,-0.61,-0.92,-0.57,0.0,0.05,0.01,0.02,0.14,-1.81,-1.85,0.11,0.13,0.11,0.03,0.1,0.06,0.08,0.0,0.06,0.53,-2.56,-3.3,-0.22,0.18,-0.02,-0.04,0.12,7.5,0.2,-6.9,-4.0,-2.0,16.0,15.2,3.5,11.4,7.5,4.9,1.8,-12.1,-8.8,-6.0,-9.4,-17.4,9.1,29.1,4.2,-4.1,-7.9,-10.7,-9.7,1.7,-2.1,1.8,1.8,1.2,-66.7,-74.7,-2.7,-0.8,-1.1,-0.4,-1.1,-1.44,-1.51,-1.14,-1.05,-0.46,-2.64,-3.18,-1.5,-2.56,-2.5,-1.96,-1.51,0.3,0.23,0.35,0.27,0.02,-1.12,-1.86,-1.34,-0.7,-0.02,0.16,0.1,4.5,5.7,11.5,17.7,7.9,-0.4,12.0,16.0,10.1,8.0,5.7,1.6,1.9,2.0,6.0,3.0,-0.8,55.3,22.6,4.9,2.2,-0.9,-1.9,-1.5,3.0,3.7,4.5,5.0,5.5,5.8,5.8,5.3,4.7,3.6,2.8,2.7,0.02,0.19,-0.26,-0.36,-3.5,-1.03,2.12,-0.51,-0.12,-0.03,-0.22,0.07,-0.89,-0.49,-0.13,-0.21,1.55,0.52,-1.03,-0.4,-0.85,-0.66,-0.82,-1.16,3.52,3.49,3.29,3.11,1.6,3.9,5.31,3.23,3.46,3.37,3.39,3.36,0.3,1.9,-0.2,-3.2,0.9,-9.0,-16.1,-5.1,0.1,-0.4,-3.3,-2.4,0.7,5.4,3.4,3.0,20.0,13.5,2.4,7.2,2.7,1.5,1.3,-2.0,35.0,32.9,32.4,31.3,36.2,58.5,41.5,29.5,34.2,32.0,35.0,35.9,3.47,3.48,3.2,2.88,0.67,0.89,3.03,3.05,3.32,3.32,3.41,3.17,35.1,33.3,32.7,31.9,34.4,59.6,46.6,31.1,34.7,32.2,35.2,36.8,151.9,142.6,136.7,100.9,137.6,172.6,146.8,112.8,111.8,116.8,116.5,117.4,41.6,41.8,41.1,39.7,38.0,39.1,79.0,115.6,115.0,115.0,115.4,115.5,64.6,63.4,52.6,54.0,59.7,119.6,176.0,5.1,3.7,4.4,4.2,10.3,13.7,8.2,3.8,11.5,13.5,103.8,103.3,3.9,9.7,15.9,10.6,7.2,113.8,115.0,117.9,115.9,98.0,99.2,118.0,117.0,115.9,115.9,114.7,114.4,115.2,115.5,115.6,114.9,116.6,115.6,114.3,115.9,115.3,115.4,115.4,115.1,4.66,5.82,6.95,6.73,9.1,12.52,12.01,9.7,5.9,3.93,4.25,4.59,5.18,5.21,5.23,5.43,3.84,0.88,1.03,3.43,5.23,6.03,6.05,5.84,15.85,13.85,14.1,14.82,15.13,14.25,13.96,14.6,14.88,14.68,15.1,16.62,0.59,5.05,4.23,3.56,4.4,8.66,9.56,6.91,6.08,5.9,4.6,0.45
APC_4348_2,60.4,60.4,60.4,60.4,60.4,60.4,60.4,60.4,60.4,60.4,60.4,60.4,-0.77,0.2,-0.04,-0.27,-0.11,6.25,6.11,-0.54,-0.53,-0.56,-0.9,-0.53,-0.46,0.07,0.01,-0.04,0.06,0.27,0.31,0.17,0.15,0.13,0.03,0.1,0.13,0.05,-0.05,0.04,0.3,2.45,2.09,-0.08,0.2,0.07,0.06,0.18,1.2,-1.0,-2.4,2.4,7.0,-22.0,-33.3,0.2,10.1,7.5,5.5,-0.4,-7.4,-4.9,-4.5,-9.9,-8.5,-22.7,-17.5,0.3,-6.4,-10.6,-13.4,-13.3,0.6,-2.2,1.8,4.4,1.9,63.7,61.2,-3.7,-3.3,-1.5,-1.5,-2.2,-0.96,-1.19,-0.94,-0.37,0.1,2.48,2.46,-0.45,-1.66,-2.09,-1.69,-1.21,0.14,0.19,0.63,0.97,0.39,2.25,1.67,-1.47,-1.29,-0.52,0.06,0.03,9.5,7.3,10.4,15.7,16.5,-21.5,-17.8,19.0,13.9,9.0,5.3,1.9,-1.3,-2.1,3.3,3.9,-6.1,-12.7,2.3,11.5,2.8,-2.1,-1.9,-0.9,4.8,4.9,5.7,6.7,7.4,7.6,7.8,7.5,6.5,4.8,3.4,2.6,0.04,0.22,-0.18,-0.32,0.83,0.69,-0.52,-0.42,-0.12,-0.11,-0.31,0.15,-0.53,-0.27,-0.04,-0.34,2.74,-1.98,-4.92,-0.35,-0.58,-0.38,-0.69,-1.0,3.42,3.38,3.22,3.23,5.26,4.08,1.91,3.16,3.36,3.3,3.41,3.35,0.6,1.7,-1.5,-3.0,-10.4,24.7,32.1,-4.0,-1.0,-0.8,-3.1,-2.6,1.9,5.8,4.9,0.9,-18.1,13.8,34.0,4.5,2.9,2.5,1.9,-2.7,37.4,32.1,31.7,33.9,66.2,36.0,-12.1,30.8,34.8,32.9,36.8,36.8,3.32,3.38,3.24,3.05,3.62,3.82,3.11,3.03,3.25,3.31,3.42,3.13,37.6,32.5,32.2,34.3,67.0,51.6,-12.3,32.5,35.4,33.1,36.9,37.6,149.3,144.0,148.1,154.1,152.3,162.2,137.3,110.3,117.9,117.3,117.0,117.6,42.7,41.2,41.6,40.7,41.2,41.4,77.6,115.1,114.8,115.0,115.4,115.4,64.0,63.3,53.8,53.4,53.3,-1.6,-66.4,58.5,1.5,2.7,2.3,4.1,3.4,4.9,8.9,76.0,61.7,40.5,55.7,13.5,17.0,32.8,56.7,24.0,115.2,116.3,115.2,113.7,115.6,118.4,119.1,110.5,108.4,112.9,114.0,115.5,115.3,115.5,115.8,115.3,114.8,115.5,115.9,115.6,115.4,115.4,115.4,115.1,6.19,6.31,6.57,5.84,7.01,8.83,9.92,8.93,6.11,5.06,4.49,4.39,4.63,5.2,5.45,5.52,4.68,6.48,5.89,4.04,5.75,6.15,6.24,5.98,15.47,14.64,13.73,13.55,11.91,9.78,8.96,11.13,13.75,14.5,15.22,16.8,0.6,3.54,5.04,5.4,7.36,9.95,9.81,8.18,6.36,5.45,5.61,0.15
APC_4348_3,75.1,75.1,75.1,75.1,75.1,75.1,75.1,75.1,75.1,75.1,75.1,75.1,-1.04,-1.05,-1.68,-2.05,-1.09,0.1,0.81,1.34,2.02,1.93,1.12,0.5,-4.19,-4.54,-3.96,-3.42,-3.27,-3.69,-3.47,-2.85,-3.32,-3.93,-4.33,-4.26,0.72,1.55,1.47,0.73,-0.01,-0.41,-0.35,0.08,0.55,0.9,1.1,0.8,12.0,3.7,0.7,-3.3,-3.3,4.3,8.1,8.6,9.7,7.2,3.2,-2.1,-22.7,-24.8,-14.5,-3.2,3.6,2.9,11.4,10.5,2.2,-6.4,-23.7,-30.1,-3.4,-1.0,0.7,0.8,3.3,-9.4,-8.4,7.6,2.7,0.3,-1.9,-3.2,-0.15,0.06,0.07,-0.01,0.01,-0.09,-0.1,-0.07,-0.07,0.02,-0.04,-0.06,0.33,-0.04,-0.2,-0.16,-0.07,-0.29,-0.21,0.22,0.32,0.31,0.1,-0.01,8.1,10.2,10.9,12.3,11.9,9.3,9.5,14.4,14.9,12.7,7.4,0.2,-13.2,2.1,-4.8,-20.1,-14.2,20.0,-6.1,-21.5,-21.9,-19.7,-17.2,-22.8,12.0,12.1,12.7,13.7,13.2,12.1,12.2,12.8,13.8,13.8,12.5,11.8,0.54,0.45,-0.1,-0.24,0.12,0.43,-0.26,-0.67,-0.74,-0.75,-0.34,-0.19,-1.67,-1.24,-1.23,-1.28,-1.28,-1.37,-1.34,-1.32,-1.4,-1.62,-1.56,-1.31,1.85,2.01,2.17,2.04,1.87,1.91,2.07,2.13,2.14,2.14,2.06,1.78,-1.8,-0.9,-0.9,-2.4,-5.9,0.0,2.7,-2.0,-1.6,-1.4,-1.5,0.3,-5.0,-5.9,-6.3,-5.2,-2.4,-3.2,-4.2,-6.1,-6.9,-4.6,-6.3,-6.5,11.0,14.5,16.8,17.6,12.4,5.1,9.6,15.9,15.8,13.8,12.8,7.2,-0.38,-0.21,-0.19,-0.26,-0.15,-0.26,-0.4,-0.29,-0.29,-0.32,-0.3,-0.18,12.1,20.3,20.1,16.7,12.4,21.1,22.3,20.2,21.4,15.7,15.0,12.8,-46.3,-43.4,-49.5,-131.6,-0.1,-61.6,-65.5,11.9,1.2,-11.1,-30.5,-24.6,87.2,86.8,86.8,86.3,85.0,82.3,83.5,86.3,85.1,86.0,87.5,86.4,44.7,43.7,30.4,39.4,57.2,52.2,51.9,56.9,57.1,41.7,34.7,53.9,45.0,48.6,47.1,43.3,47.6,51.0,44.6,43.5,48.7,47.3,34.2,35.3,-15.3,-5.7,-24.3,-67.3,-29.9,-7.5,-20.3,-34.3,-47.4,-57.8,-24.8,-31.5,86.8,85.9,86.2,87.3,87.4,87.2,86.8,86.2,85.7,86.3,87.4,86.7,9.21,9.75,7.52,6.8,7.38,8.01,7.86,7.25,6.85,7.43,9.52,8.96,0.81,1.24,2.2,3.25,3.76,3.54,3.6,3.78,3.22,2.05,0.97,0.59,9.14,9.66,7.53,6.83,7.08,7.59,7.81,7.3,7.01,7.81,9.6,9.1,0.42,0.98,2.3,3.47,4.1,4.0,3.91,3.97,3.23,1.97,0.9,0.34
TP53_632_1,44.9,44.9,44.9,44.9,44.9,44.9,44.9,44.9,44.9,44.9,44.9,44.9,-0.21,-0.28,-0.24,0.11,-0.3,-4.47,-6.75,-2.41,0.84,0.9,0.57,-0.03,0.05,-0.04,-0.04,0.01,0.03,-0.74,-2.65,-1.9,0.01,0.02,0.12,0.23,-0.05,0.04,0.01,-0.08,0.1,-1.1,-1.08,-0.01,-0.37,-0.21,-0.1,-0.03,9.5,9.8,6.1,2.0,0.3,18.2,10.6,-5.6,2.2,-3.0,-6.1,0.5,-5.5,-13.2,-14.5,-10.2,-4.9,32.3,43.2,7.3,-4.7,-10.2,-3.8,1.8,3.7,6.2,5.7,3.3,20.5,-12.1,-58.2,-3.8,-2.1,-1.0,-1.7,-1.5,-0.52,-0.82,-1.19,-1.21,-0.78,-2.78,-1.76,0.04,-1.67,-1.96,-1.66,-1.18,0.02,-0.03,0.11,0.51,1.04,0.79,-1.06,-1.99,-1.37,-0.87,-0.24,0.36,4.2,2.5,3.1,7.4,0.4,-1.0,6.8,10.0,13.1,9.7,7.4,6.0,0.8,2.5,3.6,0.5,-1.5,65.6,23.9,7.3,0.5,-3.4,-4.0,-1.5,2.0,2.9,3.6,4.4,5.5,6.4,6.9,6.8,6.2,5.0,3.9,2.6,-0.19,-0.15,0.14,1.29,-3.0,-0.85,3.16,-0.02,0.09,0.31,0.22,-0.57,-0.11,-0.42,-0.64,0.06,0.79,-1.78,-1.8,-0.18,-0.98,-0.47,-0.01,0.01,3.34,3.4,3.42,3.37,1.74,4.0,5.49,3.3,3.55,3.44,3.23,3.66,-1.2,-1.4,-0.2,1.6,4.6,-4.1,-6.4,1.9,1.6,2.0,0.5,1.1,2.3,0.8,-0.8,3.7,22.4,14.6,-0.3,5.2,2.8,2.6,4.7,4.6,33.7,35.6,36.6,40.0,41.1,25.7,36.9,42.3,32.5,32.5,29.2,34.0,3.36,3.43,3.41,3.46,0.73,0.83,3.48,3.21,3.38,3.43,3.26,3.59,33.9,35.8,36.7,40.8,39.4,27.2,41.9,43.2,33.0,32.8,29.6,34.8,158.8,158.5,154.6,149.1,148.6,174.5,156.6,114.0,111.5,114.6,114.1,116.3,41.3,40.8,41.1,43.7,45.8,42.3,78.3,115.4,115.0,115.2,115.5,115.5,54.7,54.4,54.3,54.9,57.5,118.2,176.2,19.8,8.1,6.8,31.0,26.5,3.1,7.3,8.6,5.6,3.3,2.0,6.4,5.7,3.4,1.5,2.3,18.4,116.2,114.4,115.9,118.3,117.3,117.0,109.9,109.8,118.1,117.5,118.7,118.3,115.6,115.2,114.9,115.4,116.0,114.7,115.6,117.1,115.8,115.1,115.4,115.3,6.0,4.8,3.99,4.42,5.99,8.41,10.17,9.2,5.99,4.24,5.08,6.58,4.89,5.42,5.48,4.83,3.91,1.58,0.95,3.04,4.79,5.83,5.86,5.5,14.61,13.23,13.48,14.4,15.32,13.9,13.63,15.37,15.48,15.15,15.38,15.88,0.98,3.65,4.98,5.07,6.71,11.48,11.46,7.08,4.54,4.88,3.65,0.43
TP53_632_2,58.7,58.7,58.7,58.7,58.7,58.7,58.7,58.7,58.7,58.7,58.7,58.7,-0.19,-0.26,-0.27,0.01,0.03,6.92,7.48,0.89,0.88,0.87,0.58,0.05,0.06,-0.04,-0.04,0.01,0.02,1.78,1.83,0.06,0.03,0.02,0.11,0.22,-0.04,0.02,0.09,0.11,0.1,3.46,3.32,-0.2,-0.29,-0.23,-0.12,-0.11,7.5,7.9,7.2,3.1,-3.1,-28.5,-37.6,-14.7,-4.7,-5.4,-6.5,-1.5,-6.7,-13.0,-14.2,-11.7,-7.2,-27.7,-20.6,2.4,-6.8,-9.8,-4.7,0.5,3.7,5.9,5.7,2.0,1.8,68.6,63.3,-3.7,-2.9,-2.2,-1.6,-2.1,-0.74,-0.89,-0.94,-1.12,-0.99,1.51,1.74,-1.06,-2.11,-2.19,-1.34,-0.63,0.0,0.09,0.17,0.18,0.16,2.69,1.71,-1.78,-1.19,-0.21,0.3,0.27,6.6,4.9,5.4,11.9,20.3,-12.9,-13.5,19.6,13.4,5.4,2.1,2.4,2.1,2.9,5.9,4.1,-2.2,-18.9,-14.3,-1.2,-8.8,-10.0,-5.8,-0.5,3.4,4.0,5.6,7.6,8.8,9.1,9.0,8.3,7.2,6.0,5.3,4.5,-0.19,-0.19,-0.19,0.06,1.42,0.59,-0.82,0.02,0.23,0.47,0.15,-1.16,-0.1,-0.32,-0.62,-0.76,2.52,-2.36,-5.46,-0.59,-0.63,-0.31,0.02,0.33,3.34,3.32,3.4,3.44,5.03,3.99,2.21,3.22,3.4,3.37,3.32,3.21,-1.1,-1.8,-1.3,0.1,-10.8,18.4,30.2,2.4,2.2,1.8,1.0,0.2,2.2,1.4,-0.9,3.9,-12.4,9.8,29.0,3.5,3.0,3.1,5.4,4.1,33.4,34.8,36.6,34.1,61.7,23.7,-11.3,29.2,33.8,32.7,30.2,26.1,3.35,3.37,3.35,3.1,4.61,4.08,2.29,2.97,3.35,3.43,3.37,2.94,33.6,34.9,36.6,35.4,61.5,25.9,-6.8,30.9,34.6,33.0,30.5,27.1,158.3,158.5,153.9,146.6,145.7,156.4,129.5,105.1,111.4,115.1,113.3,116.0,41.7,40.8,41.4,41.4,41.5,41.7,79.2,114.9,114.9,115.0,115.6,115.6,56.1,56.5,53.9,54.5,52.7,114.9,179.1,92.1,6.2,6.1,4.0,7.1,41.7,27.3,24.5,5.3,5.4,66.4,73.5,7.8,3.9,3.3,2.9,7.2,116.7,113.5,113.7,116.8,118.2,119.8,119.4,112.8,111.5,115.1,117.7,118.1,115.6,115.3,115.0,115.2,115.2,115.4,116.2,115.8,115.3,115.1,115.3,115.4,6.0,5.12,4.47,4.16,6.3,9.73,10.7,8.49,5.74,5.26,5.94,7.27,4.87,5.44,5.61,5.68,4.7,3.23,2.8,3.92,5.65,6.01,5.78,5.33,14.67,13.5,12.74,13.08,12.68,10.64,10.38,12.88,15.24,15.15,14.86,15.81,0.96,3.89,5.41,5.76,7.69,12.03,11.68,7.88,4.74,4.07,4.65,0.96
TP53_632_3,58.4,58.4,58.4,58.4,58.4,58.4,58.4,58.4,58.4,58.4,58.4,58.4,-0.21,-0.27,-0.23,0.01,0.07,-4.26,-5.91,-1.29,0.83,0.86,0.56,-0.01,0.05,-0.05,-0.05,0.02,0.02,-1.13,-1.68,-0.54,0.04,0.03,0.11,0.2,-0.01,0.05,0.11,0.12,0.08,-1.18,-0.76,0.36,-0.27,-0.21,-0.09,-0.05,8.8,6.0,1.7,0.2,2.7,9.5,-0.6,-4.0,5.0,-0.2,-4.2,0.0,-7.7,-16.2,-16.3,-8.1,-4.9,15.7,34.1,6.6,-10.6,-13.7,-6.6,0.4,3.5,5.5,4.3,0.8,3.1,-42.5,-88.3,-13.7,-2.9,-2.6,-2.2,-2.0,-0.37,-0.7,-0.93,-0.59,0.15,-1.65,-2.36,-1.42,-2.33,-2.6,-1.91,-1.18,0.2,0.17,0.32,0.49,0.27,-0.14,-1.2,-1.88,-1.28,-0.47,0.21,0.51,3.2,1.1,2.4,9.8,11.8,5.8,7.3,14.1,15.4,10.2,6.6,6.0,-0.2,3.0,6.8,4.6,-1.4,15.2,17.5,7.8,-0.6,-5.9,-5.4,-1.1,2.2,3.3,4.8,6.5,8.0,8.9,9.2,8.6,7.3,5.7,4.4,3.3,-0.28,-0.23,0.13,0.33,-3.07,-1.16,2.43,0.46,0.15,0.37,0.12,-0.55,-0.08,-0.33,-0.45,-0.3,1.65,-0.67,-2.48,-0.48,-0.72,-0.37,0.01,-0.07,3.39,3.39,3.36,3.29,2.93,4.38,4.64,3.3,3.5,3.44,3.28,3.62,-1.2,-1.6,-0.3,0.8,-0.4,-12.7,-10.5,2.6,1.6,1.3,0.4,0.4,2.3,0.8,-2.2,0.4,9.8,16.4,13.5,5.6,1.8,2.3,5.3,5.8,34.6,35.9,36.1,32.2,25.6,32.7,41.6,37.0,34.6,33.4,29.6,33.0,3.4,3.43,3.31,3.13,2.77,2.65,2.77,2.96,3.38,3.5,3.35,3.48,34.8,36.1,36.1,32.8,25.3,39.9,49.5,38.1,35.0,33.6,29.9,34.2,158.5,159.0,154.5,148.8,149.7,157.8,140.2,113.3,109.6,114.1,113.0,115.2,41.5,40.5,41.2,42.2,42.9,43.3,79.8,115.2,115.1,115.1,115.5,115.5,52.9,54.6,54.5,58.7,62.6,93.7,-141.8,90.0,5.7,6.1,11.6,11.4,5.7,19.8,8.3,4.9,3.9,20.1,26.5,-0.7,3.2,10.5,17.4,11.6,115.9,114.1,115.3,118.0,118.3,117.5,107.6,100.9,110.5,116.0,118.0,118.1,115.6,115.2,114.9,115.5,115.9,114.8,115.7,116.8,115.8,115.1,115.4,115.3,5.59,4.52,3.96,4.0,6.68,10.75,12.68,10.86,6.67,4.41,5.12,6.65,4.99,5.53,5.73,5.98,4.82,3.06,2.13,3.21,5.3,6.07,6.01,5.53,14.43,12.72,13.23,13.99,13.84,11.61,9.6,11.0,13.41,14.02,14.99,15.65,0.88,3.45,4.59,4.73,6.25,10.5,11.21,8.73,6.55,5.51,3.74,1.08
TP53_637_1,79.7,79.7,79.7,79.7,79.7,79.7,79.7,79.7,79.7,79.7,79.7,79.7,-0.01,0.01,-0.52,-0.51,-0.55,-0.14,0.3,0.7,1.79,1.89,1.94,1.36,-4.29,-4.61,-4.82,-4.73,-4.32,-4.14,-3.58,-2.47,-2.52,-3.49,-4.17,-4.38,-0.12,-0.06,0.02,0.18,-0.18,-0.66,-0.58,-0.34,0.0,0.61,0.98,0.9,4.9,0.8,1.9,2.3,3.8,3.3,1.4,7.3,13.2,7.8,4.0,-5.2,-4.3,-0.6,4.8,8.6,9.7,3.9,1.1,3.1,-1.3,-19.5,-36.3,-36.7,-1.9,-0.8,0.2,1.4,3.5,-2.2,-3.5,2.0,1.3,-1.0,-1.3,-1.4,0.01,-0.01,-0.06,-0.09,-0.1,-0.16,-0.13,-0.08,-0.06,-0.01,0.05,0.0,-0.05,-0.18,-0.19,-0.19,-0.18,-0.42,-0.31,0.11,0.14,0.16,-0.02,-0.23,10.1,10.8,12.3,14.0,9.3,4.1,8.2,13.2,12.8,12.5,9.6,3.6,-8.0,0.5,-1.4,-3.2,-2.6,27.6,-5.4,-21.0,-8.9,-8.3,-9.2,-3.5,10.5,10.2,10.5,11.4,11.8,11.6,12.0,12.9,14.4,14.7,13.3,12.3,0.36,0.34,0.34,0.41,0.55,0.43,-0.26,-0.22,0.04,-0.1,0.04,0.05,-1.42,-1.31,-1.43,-1.43,-1.25,-1.09,-1.22,-1.52,-1.29,-1.49,-1.58,-1.11,2.5,2.43,2.48,2.55,2.37,2.28,2.42,2.48,2.56,2.54,2.42,2.04,0.8,1.0,0.2,0.6,-1.4,2.2,2.2,-0.4,-0.1,-0.3,0.2,-0.2,-4.5,-3.4,-2.8,-2.8,-2.9,-5.0,-3.7,-3.6,-5.7,-5.5,-2.5,-1.9,14.0,14.7,15.6,15.0,9.5,4.2,9.8,14.1,14.2,12.2,10.8,9.1,-0.21,-0.22,-0.2,-0.17,0.03,-0.12,-0.37,-0.2,-0.2,-0.21,-0.12,-0.02,15.1,17.5,17.2,16.8,12.0,21.9,25.5,13.6,15.5,16.5,15.4,16.7,-25.0,-25.3,-35.4,-18.2,-62.6,-64.7,-29.1,9.7,-30.3,-24.7,-37.6,-36.8,85.5,86.1,85.9,85.1,85.4,82.4,81.8,86.2,86.8,87.0,87.1,86.9,34.8,28.4,39.8,49.3,46.3,-33.1,-51.5,44.1,33.0,38.1,41.9,45.1,47.9,48.6,35.5,39.8,42.8,49.2,48.8,48.5,60.5,57.1,41.3,35.6,-25.3,-6.2,-33.3,-14.0,-26.8,-30.6,-12.2,-19.9,-5.0,-20.2,-31.2,-2.1,86.5,87.3,87.3,87.3,86.7,85.2,85.6,85.9,85.4,86.1,87.2,87.7,7.34,7.37,7.45,7.78,8.45,8.88,8.37,7.76,7.5,7.55,10.0,9.74,3.2,3.96,4.49,4.7,4.86,4.69,4.4,4.49,4.32,3.69,2.7,1.81,7.52,7.51,7.44,7.83,8.57,8.83,8.17,7.85,7.87,7.86,10.25,9.94,3.03,3.85,4.57,5.12,5.44,5.1,4.65,4.49,4.22,3.69,2.45,1.62
TP53_637_2,78.9,78.9,78.9,78.9,78.9,78.9,78.9,78.9,78.9,78.9,78.9,78.9,0.13,-0.26,-0.54,-0.25,-0.39,-0.35,-0.16,0.48,1.48,1.78,1.82,1.13,-4.07,-4.37,-4.58,-4.62,-4.38,-4.39,-3.89,-2.62,-2.6,-3.57,-4.1,-4.3,-0.13,0.01,0.21,0.48,0.19,-0.07,-0.13,-0.23,0.18,0.96,1.28,0.94,6.2,3.5,3.7,3.3,2.8,4.3,4.8,8.9,13.2,6.5,2.0,-6.6,1.0,1.5,1.8,3.1,6.1,5.3,5.8,5.6,0.1,-17.6,-36.2,-37.0,0.0,-1.5,-1.5,0.7,3.2,-6.4,-6.8,2.6,1.1,-1.5,-2.0,-2.5,0.02,-0.01,-0.07,-0.1,-0.07,-0.13,-0.11,-0.06,-0.06,-0.01,0.0,-0.01,-0.05,-0.19,-0.15,-0.12,-0.11,-0.35,-0.28,0.08,0.12,0.13,-0.04,-0.21,9.2,10.6,11.8,14.4,10.5,3.9,6.7,12.0,11.8,11.3,8.6,2.1,-10.4,-3.9,-6.0,-7.0,-1.8,40.0,13.6,-15.4,-3.0,-3.5,-8.8,-12.4,10.2,9.9,10.2,11.3,11.7,11.7,12.3,13.3,14.7,14.8,13.2,12.0,0.32,0.27,0.29,0.4,0.49,0.46,-0.19,-0.22,0.04,-0.08,0.07,0.08,-1.42,-1.25,-1.37,-1.42,-1.24,-1.11,-1.25,-1.44,-1.28,-1.53,-1.55,-1.07,2.73,2.57,2.6,2.74,2.48,2.35,2.48,2.46,2.57,2.6,2.48,2.1,0.7,1.2,0.7,0.6,-1.2,1.9,2.4,0.1,0.1,-0.3,0.3,0.5,-4.3,-4.0,-3.6,-3.3,-2.0,-4.0,-4.6,-4.0,-5.2,-5.2,-2.3,-1.9,13.2,14.3,15.2,14.7,9.3,4.6,10.1,13.1,13.0,11.3,9.4,7.1,-0.18,-0.21,-0.19,-0.18,0.01,-0.11,-0.26,-0.07,-0.13,-0.23,-0.14,0.04,15.9,18.0,15.7,14.9,9.9,16.9,22.2,10.5,12.8,14.7,14.2,15.5,-23.4,-13.9,-45.7,-56.9,-88.1,-65.7,-12.5,36.6,-22.6,-23.3,-33.2,-41.1,86.3,87.0,86.1,84.8,85.3,82.5,81.7,85.9,86.4,86.7,87.2,86.6,32.8,45.7,49.2,48.6,49.8,-29.8,-38.7,45.1,40.5,33.1,40.9,42.9,43.7,50.4,37.8,34.6,41.0,52.1,52.8,49.3,62.1,61.5,40.0,37.3,-16.1,11.4,13.0,5.1,-19.0,-25.2,-3.8,-13.7,0.1,-18.6,-31.1,23.9,86.4,87.0,87.2,86.9,86.7,85.7,86.5,86.3,85.0,86.0,87.1,87.6,6.86,7.44,7.88,8.02,8.1,8.49,8.63,8.5,8.1,7.98,10.14,9.57,3.87,4.45,4.71,5.16,5.5,5.16,4.9,5.09,4.86,4.14,3.08,2.05,7.03,7.69,8.03,8.09,8.39,8.64,8.52,8.65,8.43,8.15,10.2,9.76,3.67,4.27,4.77,5.4,5.99,5.84,5.34,5.18,4.86,4.11,2.92,1.92
TP53_637_3,79.1,79.1,79.1,79.1,79.1,79.1,79.1,79.1,79.1,79.1,79.1,79.1,-0.19,-0.14,-0.39,-0.02,-0.38,-0.28,0.24,0.4,1.26,1.95,2.1,1.36,-4.15,-4.33,-4.72,-4.88,-4.71,-4.61,-3.9,-2.74,-2.48,-3.16,-4.17,-4.72,-0.55,-0.64,-0.44,-0.15,-0.49,-0.41,-0.24,-0.44,-0.11,0.61,1.01,0.95,7.0,4.8,5.7,4.4,3.7,3.7,4.3,11.3,15.1,8.2,5.6,-2.9,2.5,3.5,4.6,5.6,8.6,5.2,3.6,4.7,0.1,-16.2,-40.5,-41.3,0.1,0.4,1.5,3.0,4.3,-6.2,-6.6,2.8,0.6,-1.1,-1.9,-2.8,0.07,0.05,-0.03,-0.09,-0.06,-0.13,-0.13,-0.11,-0.07,0.02,0.06,0.0,-0.01,-0.13,-0.2,-0.26,-0.24,-0.45,-0.35,0.1,0.19,0.17,-0.05,-0.28,8.7,10.9,11.9,10.0,6.6,3.1,5.4,10.8,12.3,11.6,8.7,4.5,-7.0,-1.8,-4.8,-4.6,-1.3,30.5,4.8,-18.6,-13.0,-10.1,-6.9,-6.5,10.2,10.1,10.3,11.2,11.4,11.3,11.7,12.5,13.9,14.3,13.3,12.5,0.35,0.3,0.35,0.47,0.46,0.39,-0.2,-0.22,0.09,-0.08,0.01,0.01,-1.43,-1.34,-1.5,-1.44,-1.2,-1.13,-1.25,-1.49,-1.35,-1.67,-1.74,-1.07,2.58,2.53,2.58,2.63,2.43,2.31,2.42,2.45,2.57,2.63,2.53,2.09,1.1,0.9,0.5,0.1,-1.5,2.7,1.4,-0.4,0.3,0.0,0.5,-0.3,-4.9,-4.4,-3.2,-3.2,-3.3,-4.0,-3.4,-3.2,-4.5,-5.8,-3.3,-2.4,13.3,15.6,17.0,16.0,10.8,5.7,12.0,16.8,15.3,12.4,11.2,9.1,-0.21,-0.25,-0.24,-0.24,-0.09,-0.21,-0.34,-0.19,-0.25,-0.27,-0.15,0.01,15.6,18.9,20.2,20.1,15.6,28.7,30.0,17.0,17.6,16.1,13.7,14.4,-26.1,-31.2,-64.1,-52.0,-70.6,-68.7,-39.5,-6.8,-37.4,-34.0,-39.3,-30.8,85.6,86.6,86.3,84.9,85.2,82.7,82.4,86.4,87.0,86.8,87.5,88.0,36.3,29.9,39.2,45.3,43.9,-34.2,-53.3,42.4,34.0,34.2,39.7,41.7,49.6,49.7,36.2,38.5,42.3,49.0,49.2,49.1,58.3,52.7,39.1,36.5,-21.4,-8.7,-24.9,-6.1,-23.0,-26.8,-11.7,-28.3,-2.9,-20.6,-40.6,-12.5,85.9,87.2,87.0,87.3,87.7,85.3,85.6,86.5,85.7,86.7,87.5,87.7,7.51,7.64,8.12,8.25,8.47,8.96,9.11,8.84,8.12,8.25,10.66,9.93,3.17,3.86,4.4,4.82,5.37,5.3,4.97,4.9,4.47,3.61,2.39,1.45,7.81,8.01,8.1,8.01,8.41,8.94,9.0,8.93,8.26,8.37,10.84,10.05,2.83,3.72,4.52,5.21,6.01,6.08,5.51,5.01,4.51,3.68,2.26,1.32
TP53_844_1,35.5,35.5,35.5,35.5,35.5,35.5,35.5,35.5,35.5,35.5,35.5,35.5,-0.13,-0.14,-0.13,-0.01,-0.01,-6.55,-6.84,-0.34,0.04,-0.02,0.0,-0.32,0.06,0.06,0.05,0.08,0.04,-0.56,-0.54,0.17,0.21,0.19,0.19,0.11,0.19,0.15,0.05,0.06,-0.02,-2.16,-2.31,-0.14,0.17,0.05,0.05,0.03,9.7,4.5,-1.4,-3.6,-2.6,22.4,22.3,2.5,5.2,1.9,-0.8,-0.8,-10.9,-12.5,-12.3,-6.6,5.3,46.1,46.9,6.9,-3.3,-5.0,-3.1,-2.7,3.5,3.7,3.7,1.3,-0.3,-57.0,-58.1,-3.7,-3.3,-3.0,-2.7,-2.6,-0.6,-0.83,-1.13,-1.06,-0.41,-3.99,-3.51,-0.19,-1.58,-1.63,-1.25,-1.26,0.19,0.08,0.2,0.46,0.62,-0.07,-0.89,-1.17,-0.95,-0.5,-0.32,-0.24,2.8,1.1,3.4,8.8,3.5,7.8,20.3,16.9,12.3,9.0,6.6,5.6,0.2,2.3,5.9,4.7,5.2,44.7,21.7,7.0,-1.4,-3.6,-2.7,-1.1,1.9,3.0,4.0,4.5,5.0,5.3,5.4,5.1,4.6,3.9,3.3,2.5,-0.09,-0.04,0.07,0.5,-4.22,-1.1,2.7,-0.69,0.16,0.19,-0.1,-0.06,-0.31,-0.41,-0.56,-0.35,0.77,0.46,-0.24,-0.03,-0.44,-0.28,-0.14,-0.47,3.44,3.46,3.43,3.26,1.47,4.44,6.16,3.31,3.41,3.39,3.32,3.31,-0.8,0.4,-0.3,1.2,3.8,-7.9,-14.4,-3.4,1.5,0.5,0.0,-1.8,1.8,1.4,-0.5,-3.2,16.7,17.7,3.3,3.9,4.1,3.1,3.1,3.9,35.9,34.9,34.4,33.3,20.7,26.0,36.3,34.6,34.9,35.0,32.5,32.9,3.44,3.51,3.44,3.18,0.99,1.84,4.06,3.3,3.32,3.38,3.31,3.26,36.0,34.9,34.4,33.3,18.7,26.7,40.2,36.0,35.5,35.3,32.7,33.4,158.7,157.0,153.1,153.2,152.7,162.5,149.6,115.6,113.4,117.5,116.2,115.6,41.5,41.3,42.1,41.6,41.9,44.3,79.6,115.4,114.7,115.0,115.5,115.2,52.8,53.3,52.6,59.8,60.7,99.7,164.8,49.6,1.0,2.1,1.0,2.6,4.7,13.8,12.5,7.4,5.7,2.2,9.4,3.0,1.9,1.7,2.8,15.2,115.1,115.0,116.7,118.5,119.5,119.7,119.6,117.7,117.1,117.4,117.9,118.5,115.3,115.4,114.9,114.6,115.8,114.8,114.7,115.7,115.0,115.2,115.6,115.6,5.05,4.96,4.68,4.82,8.13,10.91,10.54,8.81,6.13,5.19,5.6,6.24,5.21,5.44,5.56,5.54,3.84,0.61,1.03,3.86,5.43,6.22,6.15,5.73,14.39,11.39,12.9,14.26,15.24,14.77,14.46,14.85,14.54,13.61,13.29,15.22,0.67,5.69,3.95,2.96,3.66,9.5,9.2,6.11,4.76,4.33,4.98,0.32
TP53_844_2,53.9,53.9,53.9,53.9,53.9,53.9,53.9,53.9,53.9,53.9,53.9,53.9,-0.12,-0.12,-0.12,-0.12,0.2,0.86,0.41,-0.27,0.02,0.03,0.03,0.56,0.06,0.06,0.06,0.06,0.05,-0.95,-0.93,0.2,0.2,0.19,0.19,-0.74,0.17,0.16,0.12,0.16,0.61,1.49,0.79,-0.15,0.16,0.13,0.08,-0.2,9.3,6.5,3.7,1.0,1.0,1.2,-2.8,1.7,2.4,-1.0,1.5,5.1,-10.2,-11.0,-10.6,-8.4,-1.5,0.7,-1.8,-1.4,-5.3,-4.4,-2.1,1.4,3.4,2.9,2.9,3.2,7.2,64.3,-15.9,-3.1,-2.8,-2.8,-3.0,-5.3,-0.34,-0.48,-0.76,-0.69,-0.27,0.1,0.05,-0.81,-1.73,-1.49,-0.89,-0.59,0.03,-0.24,-0.18,0.13,-0.03,0.22,-0.37,-1.54,-0.96,-0.27,-0.12,-0.16,1.8,-1.0,0.3,6.9,10.9,-7.3,-1.5,19.2,13.2,6.6,2.3,-0.1,-0.2,1.9,6.1,6.5,-1.6,-2.5,11.0,11.5,-1.5,-5.4,-2.9,0.8,2.4,3.6,4.5,5.3,6.3,7.1,7.6,7.6,7.1,5.9,4.3,3.5,-0.11,0.01,0.04,0.56,-0.66,-0.28,0.75,-0.23,0.15,0.03,-0.15,-0.07,-0.3,-0.36,-0.43,-0.52,1.59,-0.96,-3.02,-0.41,-0.53,-0.24,-0.01,-0.35,3.4,3.41,3.43,3.43,3.95,4.93,4.24,3.32,3.4,3.29,3.47,3.89,-0.9,-0.3,-0.8,-2.5,-5.1,4.6,3.6,-4.2,0.5,0.5,-0.2,-4.1,1.4,0.1,-0.6,-2.9,-3.5,18.8,21.1,1.9,3.2,3.1,1.1,-4.2,35.1,34.7,35.0,34.3,46.6,50.1,21.2,34.6,35.1,33.2,35.4,30.0,3.4,3.43,3.41,3.3,3.63,3.62,3.05,3.08,3.26,3.28,3.39,3.64,35.3,35.0,35.4,34.6,46.5,58.1,26.3,36.3,35.7,33.6,35.9,32.3,158.6,156.8,154.6,156.3,151.2,138.5,128.3,118.8,117.3,117.4,118.1,117.6,41.5,41.4,42.0,42.1,42.4,43.6,77.6,114.0,115.0,115.3,115.6,115.5,54.1,53.9,54.5,53.8,53.0,122.1,-166.4,95.4,4.8,3.3,0.9,19.4,11.1,6.6,4.9,4.7,13.9,22.0,8.3,5.3,12.2,45.8,47.6,56.2,114.5,114.8,115.9,117.7,118.1,116.2,96.7,87.6,108.1,117.0,117.2,118.9,115.2,115.3,115.3,115.2,115.7,115.1,115.9,117.0,115.5,115.2,115.3,115.3,5.54,5.14,4.57,3.96,6.3,9.87,12.61,11.11,7.7,5.96,6.09,7.27,5.15,5.41,5.74,5.74,4.47,3.76,1.84,2.73,5.34,5.98,5.86,4.7,14.86,12.99,13.63,14.5,14.8,12.94,12.27,13.78,14.26,14.11,14.31,14.26,0.61,4.82,3.61,3.96,6.22,6.72,7.87,6.01,3.77,4.43,3.5,-0.71
TP53_844_3,28.6,28.6,28.6,28.6,28.6,28.6,28.6,28.6,28.6,28.6,28.6,28.6,-0.13,-0.15,-0.13,-0.28,-0.22,5.13,4.84,-0.32,-0.01,-0.02,-0.01,-0.34,0.06,0.06,0.06,0.05,0.0,-0.68,-0.65,0.17,0.2,0.18,0.19,0.12,0.15,0.1,0.04,0.03,0.01,1.19,0.97,-0.18,0.1,0.02,0.11,0.11,8.8,3.4,-2.5,-5.8,0.3,2.8,-1.2,4.5,6.1,1.2,-2.6,-1.7,-10.8,-12.5,-12.3,-6.2,7.5,-10.7,-14.3,4.8,-4.2,-5.5,-4.8,-4.1,3.4,4.0,3.9,0.5,-1.4,50.1,47.6,-3.9,-2.9,-2.9,-2.8,-2.7,-1.28,-1.12,-1.24,-1.56,-1.16,1.33,1.37,-1.17,-1.87,-1.61,-1.03,-0.93,0.28,0.2,0.01,0.16,0.52,1.81,0.93,-1.17,-0.77,-0.16,-0.05,-0.23,4.9,4.3,6.0,10.9,15.1,-6.0,-3.0,18.3,12.0,6.9,3.4,3.3,2.2,3.0,5.9,7.7,2.2,-13.0,-5.6,4.3,-5.1,-6.6,-4.0,-1.3,1.7,2.5,3.8,4.4,4.4,4.4,4.4,4.2,4.2,3.9,3.7,2.9,-0.08,-0.16,-0.36,0.19,1.52,0.3,-1.15,-0.36,0.1,0.18,0.0,0.27,-0.56,-0.56,-0.47,-0.23,2.58,-1.37,-4.34,-0.58,-0.51,-0.24,-0.07,-0.41,3.45,3.45,3.41,3.26,4.58,4.72,3.36,3.36,3.46,3.42,3.29,3.27,-1.1,-0.4,-1.5,-0.6,-2.4,9.8,9.1,-2.7,1.4,0.1,0.4,-0.8,2.5,2.9,3.9,1.6,-10.9,9.1,21.4,1.1,3.4,2.9,2.7,2.7,34.8,34.0,33.7,32.7,57.1,31.6,-6.8,33.4,34.9,34.7,32.6,31.8,3.41,3.46,3.4,3.12,5.0,4.25,2.18,3.07,3.35,3.44,3.28,3.23,35.0,34.1,34.1,33.2,56.9,31.2,-4.2,34.3,35.4,35.0,32.8,32.2,158.2,154.3,149.9,150.9,149.1,130.7,114.2,114.6,114.6,118.6,117.9,117.4,41.3,41.5,41.9,40.5,40.3,42.0,77.3,114.3,114.9,115.2,115.5,115.2,54.7,53.8,52.4,51.1,51.5,12.4,-90.4,74.0,3.0,3.7,38.8,35.5,15.5,4.6,13.9,9.8,3.1,0.8,2.2,2.0,4.1,4.7,1.6,22.1,113.9,111.2,112.6,115.8,115.2,116.8,110.9,104.8,112.9,116.8,117.2,118.6,115.2,115.5,115.2,114.8,115.8,115.2,115.5,116.4,115.3,115.3,115.5,115.5,5.2,5.43,6.04,6.77,9.0,11.47,11.88,9.62,6.48,5.06,5.11,5.94,5.11,5.34,5.35,5.15,3.79,2.32,2.23,3.78,5.45,6.12,6.24,5.75,14.98,12.13,13.34,14.36,15.68,15.24,14.88,14.48,13.38,12.99,13.45,14.88,1.0,4.98,4.25,4.34,5.59,7.68,8.08,4.86,4.3,5.15,4.35,0.04
TP53_849_1,42.6,42.6,42.6,42.6,42.6,42.6,42.6,42.6,42.6,42.6,42.6,42.6,0.32,0.11,0.06,0.15,0.09,-0.33,-0.73,-0.31,-0.38,-0.58,-0.55,-0.59,0.07,0.12,0.16,0.11,0.12,0.57,0.56,0.19,0.12,0.12,0.13,0.11,0.17,0.17,0.12,0.22,0.22,0.4,0.19,-0.04,0.12,0.08,0.15,0.24,-6.9,-3.6,3.4,-1.3,-2.3,-3.8,-12.2,-2.2,6.6,7.5,9.3,8.4,-3.5,-1.3,-5.2,-8.6,-5.5,0.5,10.0,4.0,-4.6,-7.0,-6.1,-7.8,-1.2,-0.7,0.7,-1.9,-1.4,-6.9,-39.2,-6.5,-1.7,-1.4,-2.4,-2.3,-1.0,-0.88,-0.94,-0.79,-0.07,-0.59,-0.97,-0.96,-1.8,-2.15,-1.94,-1.7,0.31,0.15,0.61,0.83,0.41,1.06,0.1,-1.72,-1.37,-0.7,-0.11,-0.04,2.8,4.0,7.2,13.2,12.3,-4.8,0.3,15.0,13.0,8.3,5.7,4.7,-0.5,2.0,7.8,4.6,-4.3,5.3,17.5,12.5,1.2,0.0,1.7,1.3,2.8,3.1,3.9,4.8,5.7,6.2,6.5,6.3,5.5,4.4,3.4,2.3,0.18,-0.2,-0.46,0.41,-1.46,-0.72,1.24,0.02,-0.2,-0.23,-0.13,0.03,-0.38,0.2,-0.21,-0.21,2.13,-1.12,-3.37,-0.46,-0.49,-0.32,-0.53,-1.2,3.29,3.18,3.42,3.37,3.42,4.38,4.08,3.17,3.32,3.29,3.35,3.59,1.8,0.1,-1.2,1.8,-4.2,-2.0,2.0,-2.4,-1.4,-2.2,-2.4,-0.6,3.3,6.2,1.7,1.2,5.3,21.5,14.8,0.3,3.7,3.0,1.2,2.5,30.6,32.0,36.6,36.9,44.7,28.9,22.7,33.7,32.0,33.3,33.9,35.4,3.28,3.29,3.41,3.28,2.59,2.86,3.2,2.92,3.27,3.33,3.35,3.47,31.0,32.3,36.9,37.6,43.4,32.6,27.5,34.5,32.5,33.6,34.1,35.8,150.1,151.2,159.4,153.8,145.4,156.0,137.8,118.8,117.4,117.7,116.7,116.6,41.3,42.6,42.3,38.5,37.1,40.3,79.0,113.9,114.6,115.3,115.5,115.3,62.1,60.4,52.2,52.9,54.4,122.3,-169.9,7.8,1.8,2.0,1.2,9.7,19.7,7.1,2.4,5.0,5.7,2.1,4.4,57.3,35.4,21.2,20.1,6.7,118.4,114.3,114.0,118.9,114.6,113.3,97.8,93.4,112.0,114.3,114.3,115.5,115.2,115.7,115.3,114.3,115.4,116.0,116.6,116.6,115.5,115.4,115.4,115.3,7.4,7.57,7.12,5.19,7.72,12.69,14.14,11.41,7.0,5.62,5.65,5.64,4.62,5.45,5.43,5.54,4.47,3.81,3.17,3.59,5.66,5.98,6.03,5.67,14.17,12.29,12.56,13.27,13.92,12.89,12.03,13.56,14.66,14.46,14.19,17.06,-1.33,4.75,4.97,3.95,4.93,9.49,11.0,8.7,6.77,5.91,5.17,0.2
TP53_849_2,36.5,36.5,36.5,36.5,36.5,36.5,36.5,36.5,36.5,36.5,36.5,36.5,0.46,0.11,0.06,0.13,0.13,6.11,5.75,-0.21,-0.34,-0.57,-0.54,-0.58,0.1,0.13,0.17,0.1,0.11,0.98,1.02,0.23,0.11,0.12,0.14,0.11,0.26,0.27,0.17,0.24,0.22,1.28,0.97,-0.22,0.02,0.04,0.16,0.26,-9.7,-2.4,6.4,-0.4,-3.4,-14.0,-20.3,-3.9,4.6,7.0,10.4,9.6,0.4,-0.2,-6.2,-9.6,-6.2,-12.7,-1.5,7.8,-4.6,-5.2,-5.3,-8.1,0.5,-0.6,0.6,-1.9,-1.3,77.0,-75.0,-7.5,-1.8,-1.8,-2.6,-2.4,-0.48,-0.68,-0.31,-0.27,-0.03,2.17,1.66,-1.31,-2.11,-2.28,-1.96,-1.69,0.64,0.47,0.6,0.16,-0.42,1.24,0.92,-1.26,-1.02,-0.39,0.13,0.2,-3.2,-1.6,2.5,9.0,14.1,-6.1,-7.5,12.6,11.5,7.9,5.4,4.0,0.3,2.3,8.4,5.0,-4.3,-8.2,6.0,9.9,1.2,1.3,1.5,1.2,2.3,2.5,3.2,4.1,5.0,5.6,5.8,5.5,4.6,3.6,3.3,2.6,-0.48,-0.09,-0.4,0.43,1.29,-0.01,-0.89,-0.14,-0.15,-0.29,-0.27,-0.01,-0.57,0.01,-0.35,-0.2,3.72,-0.4,-4.35,-0.65,-0.59,-0.34,-0.46,-1.08,3.21,3.13,3.47,3.36,3.83,4.29,3.64,3.24,3.31,3.28,3.35,3.59,1.2,0.5,-0.9,2.1,-3.5,9.7,13.6,-1.7,-1.4,-2.5,-2.6,-0.9,0.6,4.2,-1.2,-0.3,-2.4,17.9,19.8,1.2,5.1,1.8,0.7,3.0,27.6,31.4,38.6,37.9,65.1,69.4,-6.3,31.6,31.1,32.6,34.3,35.9,3.26,3.18,3.44,3.28,3.84,4.15,3.29,2.96,3.2,3.3,3.38,3.51,28.4,31.6,38.7,38.3,64.5,85.4,-6.1,32.3,31.8,32.8,34.4,36.3,151.1,150.5,158.5,159.6,152.5,164.1,143.9,116.2,116.3,118.0,117.2,117.1,39.8,42.0,43.0,38.1,39.1,41.8,77.9,114.3,114.5,115.2,115.4,115.2,57.4,51.2,53.9,54.8,54.5,118.9,-177.9,30.2,-0.9,0.7,0.0,2.9,59.4,0.7,0.6,3.3,4.9,106.6,106.2,21.4,40.4,64.9,58.9,12.5,118.5,115.9,115.9,119.4,117.1,116.9,110.0,106.3,114.5,115.1,114.9,116.4,115.5,115.5,114.9,114.4,115.7,114.9,115.0,116.2,115.4,115.4,115.4,115.3,7.75,7.61,6.0,3.68,6.99,11.69,12.71,10.36,6.68,5.48,5.42,5.67,4.37,5.3,5.59,5.86,4.46,3.44,2.84,3.41,5.39,6.02,6.17,5.67,12.76,12.2,12.84,13.47,14.22,14.24,14.22,14.87,14.38,13.68,14.78,15.9,-2.15,4.6,4.45,3.33,2.17,3.2,8.09,5.62,4.56,6.09,5.12,0.18
TP53_849_3,30.8,30.8,30.8,30.8,30.8,30.8,30.8,30.8,30.8,30.8,30.8,30.8,0.26,0.12,0.05,0.12,0.11,-7.36,-7.76,-0.25,-0.34,-0.59,-0.57,-0.6,0.06,0.12,0.16,0.12,0.15,-0.76,-0.81,0.18,0.15,0.13,0.12,0.1,0.08,0.1,0.05,0.11,0.2,-1.5,-1.88,-0.05,0.23,0.09,0.1,0.19,-4.8,-4.9,-0.4,-4.1,2.6,21.7,10.4,-8.2,4.7,12.4,7.7,6.5,-5.4,-1.9,-4.8,-3.4,1.5,42.1,45.3,1.1,-6.8,-7.9,-7.3,-7.4,-1.8,-0.5,0.7,-1.4,-0.6,-62.2,-68.8,-6.1,-2.8,-2.5,-1.8,-1.9,-1.22,-1.33,-1.36,-0.94,-0.11,-3.28,-3.79,-1.27,-2.02,-1.88,-1.59,-1.77,0.02,-0.08,0.49,0.68,-0.02,-1.16,-1.65,-1.25,-0.56,-0.23,-0.27,-0.18,7.1,8.2,11.7,15.9,13.4,12.9,18.3,14.3,9.0,6.9,5.3,3.4,-0.2,2.5,6.4,1.0,-5.5,15.1,19.9,-0.3,-5.8,0.3,-0.3,-1.3,3.0,3.4,3.8,4.0,3.9,3.7,3.8,4.0,3.8,3.3,2.6,1.9,0.21,-0.04,-0.21,0.53,-4.14,-2.15,2.35,-0.24,-0.04,0.03,-0.08,0.08,-0.34,-0.01,-0.33,-0.58,0.29,-0.01,-0.45,0.19,-0.38,-0.52,-0.54,-1.09,3.38,3.25,3.45,3.19,2.84,5.65,5.95,3.15,3.24,3.46,3.35,3.57,1.1,-0.2,-0.8,-0.7,1.0,-6.3,-11.6,-0.8,0.8,-1.7,-1.8,-0.6,5.1,7.2,3.1,3.8,19.5,18.0,-2.6,2.0,8.3,1.3,0.6,2.4,31.2,31.5,35.4,30.4,3.9,17.8,45.5,31.0,29.6,35.2,34.3,34.8,3.31,3.26,3.3,2.94,3.16,4.41,4.3,3.16,3.23,3.44,3.34,3.54,31.7,32.3,36.0,31.2,5.5,21.1,47.4,31.2,30.4,35.4,34.4,35.2,146.1,149.5,157.3,152.6,142.8,139.9,126.4,101.6,101.6,118.6,116.9,116.8,41.8,42.6,42.3,39.3,43.3,45.8,79.9,116.4,115.7,114.9,115.4,115.3,57.9,56.7,54.3,54.9,52.2,121.9,-160.3,104.5,8.9,8.5,-1.7,8.4,12.8,3.2,20.1,12.7,6.0,79.2,46.9,1.6,4.2,30.2,34.1,11.2,118.7,114.0,112.1,117.3,108.4,109.7,118.8,116.1,115.6,115.3,116.6,116.5,115.3,115.6,115.2,114.6,115.5,116.4,116.4,116.2,115.7,115.2,115.5,115.4,7.33,7.45,7.21,6.8,8.87,11.2,11.06,9.12,7.14,5.25,4.11,4.98,4.54,5.13,5.18,4.86,3.58,0.76,0.86,4.13,5.61,6.0,6.23,5.79,14.37,12.48,12.69,13.42,14.49,14.81,14.97,15.38,14.99,14.49,14.48,16.25,-0.92,3.75,5.41,4.5,4.12,8.43,9.26,4.96,4.12,4.74,4.57,0.75
